107,NUM,12534.0
118,all,11330.0
188,like,11040.0
66,nt,10561.0
37,about,9691.0
220,book,9303.0
115,time,9202.0
212,make,7976.0
114,great,7945.0
63,get,7872.0
288,will,7832.0
71,good,7744.0
84,also,6928.0
158,first,6659.0
98,read,6592.0
632,love,6468.0
749,even,6169.0
76,work,6057.0
304,no,5903.0
780,mani,5879.0
447,realli,5788.0
228,year,5703.0
35,stori,5676.0
733,been,5580.0
55,best,5337.0
166,after,5236.0
210,find,4912.0
27,new,4763.0
42,life,4754.0
868,charact,4673.0
523,becaus,4644.0
941,look,4638.0
88,music,4551.0
246,thing,4525.0
209,album,4496.0
323,peopl,4481.0
30,still,4481.0
279,end,4471.0
85,enjoy,4462.0
568,over,4429.0
123,ani,4371.0
60,play,4335.0
1906,song,4324.0
24,movi,4239.0
19,back,4187.0
1,interest,4173.0
449,give,4057.0
388,littl,4042.0
155,recommend,4001.0
211,live,3977.0
430,anoth,3961.0
271,never,3926.0
649,through,3923.0
0,high,3808.0
593,seem,3773.0
136,includ,3771.0
56,world,3755.0
171,film,3716.0
460,show,3617.0
739,sound,3611.0
273,better,3551.0
402,lot,3544.0
675,few,3543.0
1024,feel,3509.0
36,fan,3393.0
22,day,3329.0
67,part,3307.0
1442,set,3292.0
454,start,3275.0
1214,both,3268.0
359,made,3237.0
486,man,3229.0
1323,track,3180.0
445,befor,3075.0
100,help,3040.0
532,found,3032.0
278,differ,3030.0
529,down,3020.0
692,person,3004.0
687,each,2975.0
105,ever,2972.0
519,classic,2943.0
759,long,2898.0
191,need,2878.0
245,old,2875.0
80,origin,2866.0
928,excel,2866.0
663,everi,2852.0
1478,ve,2832.0
484,last,2824.0
62,alway,2813.0
369,howev,2810.0
266,right,2785.0
829,put,2781.0
6,write,2765.0
26,someth,2752.0
116,beauti,2726.0
553,bit,2723.0
10,author,2672.0
400,becom,2661.0
471,hard,2661.0
461,between,2630.0
214,place,2627.0
860,star,2620.0
970,real,2617.0
760,favorit,2604.0
268,point,2586.0
616,seri,2581.0
610,review,2566.0
1266,around,2565.0
765,releas,2565.0
721,turn,2550.0
379,fact,2537.0
952,actual,2521.0
1505,record,2507.0
695,must,2507.0
592,listen,2506.0
854,quot,2500.0
914,watch,2479.0
1422,follow,2454.0
106,written,2399.0
1145,quit,2393.0
455,scene,2389.0
74,again,2387.0
5,novel,2378.0
51,friend,2352.0
360,bad,2336.0
814,young,2335.0
374,thought,2318.0
1259,final,2311.0
1249,version,2308.0
921,reader,2291.0
1172,plot,2279.0
1877,almost,2260.0
72,enough,2249.0
659,perform,2237.0
1668,collect,2232.0
389,perfect,2224.0
2206,cd,2221.0
757,begin,2214.0
528,histori,2211.0
636,nice,2206.0
251,second,2202.0
141,power,2199.0
417,fun,2191.0
1074,big,2167.0
436,call,2166.0
913,worth,2160.0
683,featur,2160.0
489,true,2150.0
1773,although,2138.0
344,famili,2108.0
129,especi,2099.0
911,believ,2081.0
630,ll,2077.0
317,far,2075.0
738,move,2039.0
524,cover,2038.0
1247,short,2021.0
1783,page,2020.0
236,complet,2011.0
244,style,2002.0
958,sever,1994.0
305,probabl,1994.0
108,dure,1977.0
694,ca,1964.0
605,chang,1951.0
2002,hit,1942.0
1188,american,1936.0
620,noth,1933.0
1338,done,1924.0
1303,along,1914.0
20,mean,1910.0
1429,away,1894.0
2581,band,1889.0
2190,learn,1880.0
425,buy,1874.0
311,titl,1870.0
2787,open,1863.0
612,next,1850.0
1401,happen,1849.0
871,certain,1838.0
490,pretti,1830.0
822,cours,1801.0
862,reason,1793.0
442,understand,1784.0
64,lead,1782.0
924,mind,1758.0
1421,easi,1746.0
1037,clear,1744.0
272,hope,1743.0
196,earli,1741.0
492,job,1737.0
1419,creat,1725.0
978,war,1711.0
603,home,1705.0
240,detail,1704.0
1016,line,1704.0
1195,surpris,1697.0
1273,rather,1694.0
1241,rock,1688.0
320,product,1685.0
671,anyon,1684.0
1006,word,1682.0
743,less,1674.0
567,voic,1673.0
2296,dvd,1669.0
222,appear,1660.0
859,kind,1657.0
507,problem,1655.0
1938,act,1653.0
662,full,1646.0
264,provid,1641.0
3391,bring,1639.0
1391,overal,1634.0
25,present,1633.0
1103,main,1628.0
631,definit,1627.0
648,run,1620.0
422,sens,1618.0
1577,expect,1613.0
2417,hear,1612.0
157,everyth,1612.0
3571,experi,1597.0
1026,exampl,1592.0
1471,side,1586.0
742,human,1575.0
306,idea,1570.0
768,hand,1568.0
2003,note,1566.0
1351,qualiti,1561.0
1473,effect,1559.0
38,girl,1555.0
520,import,1553.0
238,case,1550.0
270,action,1547.0
125,direct,1544.0
43,leav,1538.0
949,heard,1535.0
1251,anyth,1534.0
1649,woman,1529.0
15,particular,1529.0
966,simpli,1526.0
394,later,1513.0
1475,death,1511.0
439,strong,1509.0
1198,group,1503.0
148,top,1502.0
722,miss,1501.0
221,offer,1498.0
1408,view,1498.0
1220,least,1492.0
583,singl,1491.0
4587,vocal,1488.0
2087,minut,1487.0
1132,past,1481.0
185,pictur,1480.0
1432,care,1479.0
950,age,1473.0
1527,heart,1471.0
199,NUMs,1467.0
2649,entertain,1466.0
813,artist,1464.0
856,deal,1462.0
896,close,1452.0
1282,today,1446.0
406,lyric,1445.0
132,fall,1443.0
718,small,1439.0
539,state,1421.0
670,amaz,1417.0
1910,special,1416.0
213,mysteri,1411.0
1086,number,1407.0
162,boy,1407.0
1216,kill,1392.0
1791,left,1389.0
478,consid,1384.0
1322,inform,1381.0
1970,moment,1377.0
372,continu,1377.0
239,night,1373.0
526,entir,1364.0
284,john,1354.0
1593,except,1352.0
1894,instead,1346.0
5937,sing,1340.0
1386,major,1339.0
426,guy,1338.0
3,piec,1334.0
1621,talk,1326.0
131,cast,1325.0
440,possibl,1324.0
535,chapter,1318.0
1704,given,1314.0
790,throughout,1314.0
2917,guitar,1311.0
1327,light,1311.0
894,pick,1306.0
4,art,1303.0
488,stand,1301.0
2640,question,1299.0
18,relat,1295.0
1347,head,1293.0
939,truli,1292.0
2021,base,1291.0
1706,develop,1290.0
766,add,1288.0
286,forc,1275.0
2670,someon,1275.0
156,near,1275.0
552,game,1267.0
292,rest,1267.0
1125,dark,1267.0
133,fine,1258.0
889,face,1256.0
102,writer,1250.0
351,involv,1248.0
657,materi,1246.0
708,sometim,1242.0
1001,relationship,1241.0
771,produc,1241.0
1653,recent,1241.0
604,money,1237.0
357,result,1233.0
554,natur,1233.0
2280,decid,1231.0
258,hous,1229.0
1084,countri,1229.0
988,talent,1228.0
1666,general,1224.0
1142,abl,1223.0
1395,die,1222.0
424,black,1222.0
419,beat,1221.0
895,funni,1219.0
265,success,1218.0
811,perhap,1217.0
2210,men,1214.0
569,four,1200.0
1619,rememb,1199.0
50,emot,1196.0
728,eye,1193.0
1368,father,1189.0
803,rate,1188.0
1010,coupl,1188.0
512,modern,1186.0
2173,order,1182.0
645,lost,1182.0
411,simpl,1178.0
250,either,1173.0
1590,role,1172.0
1308,mix,1169.0
89,describ,1166.0
203,kid,1165.0
285,everyon,1165.0
94,basic,1163.0
90,form,1160.0
715,alreadi,1159.0
1144,hold,1158.0
2085,children,1158.0
1375,meet,1156.0
1798,matter,1154.0
1157,fill,1153.0
1098,return,1147.0
152,list,1140.0
575,polit,1138.0
200,school,1131.0
747,against,1131.0
17,attempt,1130.0
1759,quick,1130.0
2347,mr,1128.0
1080,contain,1117.0
3766,color,1117.0
216,stop,1111.0
2241,ago,1105.0
4340,level,1104.0
4216,focus,1101.0
1989,remain,1099.0
1692,addit,1098.0
807,greatest,1097.0
5381,video,1095.0
8286,pop,1091.0
1128,master,1088.0
621,els,1087.0
677,tale,1084.0
2382,despit,1080.0
1578,mention,1076.0
969,issu,1075.0
1232,serious,1075.0
2868,stuff,1075.0
2779,disc,1074.0
16,impress,1071.0
3312,previous,1069.0
1972,late,1068.0
2030,touch,1065.0
613,wait,1065.0
193,mother,1062.0
1271,edit,1059.0
1545,dead,1055.0
2559,cut,1053.0
350,murder,1053.0
2558,lack,1042.0
68,english,1038.0
3344,appreci,1034.0
261,wrong,1034.0
3722,happi,1030.0
3170,women,1029.0
1081,among,1029.0
1120,save,1025.0
1143,imagin,1025.0
572,section,1024.0
2808,type,1022.0
2731,absolut,1021.0
1020,son,1021.0
3066,larg,1021.0
1409,discov,1021.0
177,subject,1020.0
935,critic,1018.0
2619,thank,1017.0
809,NUMth,1015.0
1775,wish,1015.0
3680,humor,1014.0
2209,check,1014.0
299,explain,1011.0
432,disappoint,1007.0
2304,effort,1000.0
674,ask,999.0
2620,event,998.0
3033,easili,998.0
65,wo,996.0
1069,uniqu,996.0
3800,singer,990.0
380,refer,987.0
815,behind,986.0
693,sort,985.0
134,actor,983.0
2227,wife,983.0
1727,price,983.0
2364,extrem,980.0
1165,white,979.0
1014,realiz,973.0
758,stay,973.0
1585,manag,971.0
640,theme,969.0
3264,inspir,961.0
1127,half,956.0
1230,total,956.0
2436,soon,954.0
3452,bought,952.0
5928,tune,952.0
452,soul,948.0
1642,unfortun,947.0
44,brother,945.0
345,studi,941.0
642,attent,939.0
701,five,938.0
607,adventur,934.0
1138,grow,932.0
1516,opinion,929.0
1222,child,927.0
2350,futur,924.0
1892,copi,922.0
1119,fight,920.0
126,genr,918.0
1897,fit,918.0
474,support,917.0
801,centuri,909.0
1121,citi,908.0
3603,danc,901.0
614,excit,901.0
187,felt,900.0
3088,bodi,897.0
1873,hour,893.0
1212,member,890.0
1683,fascin,890.0
1173,similar,890.0
4371,fair,890.0
3164,career,889.0
1356,sad,889.0
260,brilliant,888.0
365,solo,884.0
1333,popular,883.0
5997,obvious,883.0
2059,compar,883.0
1152,blue,882.0
3303,alon,881.0
740,across,878.0
1971,remind,876.0
688,figur,873.0
1543,discuss,872.0
2702,instrument,867.0
1218,anim,867.0
577,deep,867.0
1350,period,864.0
29,prove,864.0
690,ad,863.0
1185,hero,862.0
2621,finish,860.0
1331,pace,851.0
1875,unlik,849.0
2546,director,848.0
1476,date,848.0
428,deliv,844.0
1452,secret,844.0
1568,god,838.0
1927,fast,838.0
752,fiction,837.0
833,difficult,837.0
1169,america,835.0
1257,break,835.0
573,allow,832.0
584,volum,828.0
2291,local,827.0
1083,aspect,827.0
3086,plan,825.0
340,daughter,825.0
1402,posit,823.0
1748,element,823.0
2732,purchas,818.0
615,becam,813.0
899,strang,812.0
2099,audienc,811.0
689,twist,809.0
1009,control,809.0
3490,somewhat,808.0
377,abil,806.0
565,caus,804.0
3937,slow,800.0
3551,combin,800.0
14,background,797.0
1154,suggest,797.0
2497,histor,794.0
846,rich,794.0
1696,term,794.0
1789,dream,791.0
327,individu,788.0
2377,pleas,788.0
1932,narrat,788.0
1019,truth,782.0
600,huge,782.0
1252,incred,779.0
1071,extra,779.0
1925,french,778.0
794,essenti,777.0
503,public,774.0
2829,sweet,773.0
2341,avail,772.0
184,told,771.0
729,town,771.0
173,debut,765.0
269,travel,763.0
3876,build,762.0
547,serv,761.0
2994,reach,761.0
4125,captur,761.0
6384,unit,759.0
2223,tradit,757.0
2294,chanc,757.0
3623,tv,756.0
1882,laugh,754.0
828,cultur,754.0
3068,speak,752.0
761,michael,750.0
1041,concern,748.0
1034,societi,747.0
4200,influenc,747.0
1269,battl,745.0
186,share,744.0
1360,lose,740.0
961,exact,739.0
3399,explor,738.0
1342,magic,737.0
2016,walk,737.0
319,deserv,733.0
865,middl,733.0
2662,highlight,732.0
948,complex,731.0
2055,episod,730.0
699,publish,729.0
1924,respect,729.0
2136,famous,727.0
705,fail,727.0
2575,player,726.0
4458,practic,725.0
627,jame,724.0
2689,common,724.0
1601,evil,724.0
2642,spend,723.0
1810,standard,723.0
564,cool,722.0
624,king,718.0
655,busi,717.0
2790,guess,716.0
887,reveal,716.0
2456,pass,715.0
1694,admit,715.0
2786,system,714.0
159,text,713.0
2449,photo,713.0
3010,ballad,711.0
3498,descript,709.0
252,parti,708.0
972,honest,707.0
1638,due,706.0
764,free,705.0
2487,month,702.0
898,illustr,702.0
964,romant,701.0
2716,melodi,700.0
774,rare,698.0
1801,beyond,698.0
280,doubt,697.0
2528,size,697.0
3434,approach,693.0
534,step,690.0
1365,parent,690.0
330,crime,689.0
700,choic,687.0
3131,exist,687.0
2312,univers,685.0
1973,inde,684.0
1159,robert,684.0
1562,search,684.0
1012,week,684.0
283,insight,683.0
2893,memor,683.0
1416,gave,682.0
1698,mark,679.0
703,suppos,678.0
3610,compani,678.0
2235,project,676.0
1027,treat,675.0
154,valu,674.0
1494,concept,674.0
785,abov,673.0
1268,equal,671.0
1047,student,671.0
204,struggl,671.0
2969,screen,669.0
1076,account,666.0
1461,eventu,666.0
2744,knew,664.0
3696,space,662.0
1059,wrote,662.0
3152,david,660.0
2051,plus,659.0
2594,area,659.0
2230,commentari,659.0
1134,fire,659.0
2825,heavi,658.0
857,regard,657.0
135,typic,656.0
3193,appar,656.0
2979,remark,655.0
2849,superb,655.0
4423,season,654.0
550,current,649.0
2297,poor,648.0
4231,studio,648.0
1060,delight,648.0
3744,select,648.0
1639,memori,647.0
2739,train,647.0
618,hate,646.0
1264,drum,644.0
1916,street,643.0
1841,situat,642.0
2047,british,640.0
1279,familiar,640.0
2360,languag,639.0
3037,longer,639.0
2033,shot,638.0
1509,ultim,638.0
1129,insid,636.0
2804,audio,635.0
767,water,635.0
6857,design,634.0
4639,pure,633.0
533,earlier,632.0
4339,realiti,632.0
1655,agre,632.0
224,attack,632.0
1566,earth,631.0
1625,adult,631.0
297,fear,630.0
2570,consist,629.0
595,pull,628.0
1550,bore,628.0
2810,carri,627.0
4811,minor,627.0
1814,print,627.0
2115,journey,626.0
1179,intens,626.0
2074,class,625.0
965,comedi,625.0
2194,former,624.0
464,offic,623.0
1676,answer,623.0
23,horror,622.0
1722,sit,621.0
3533,progress,620.0
658,box,620.0
641,pay,620.0
1598,comment,618.0
2035,solid,617.0
201,front,616.0
3729,forward,615.0
1194,surviv,615.0
4488,car,614.0
1130,land,613.0
41,troubl,612.0
2541,fantast,612.0
1763,rang,612.0
456,flow,611.0
951,older,611.0
3676,gift,610.0
1533,intellig,609.0
786,drop,609.0
1361,accept,608.0
1148,hook,607.0
2600,nation,607.0
435,skill,607.0
3045,york,605.0
1825,introduct,604.0
7427,amount,604.0
2143,georg,604.0
3047,research,603.0
4944,paul,602.0
1320,appeal,602.0
378,draw,602.0
190,tast,600.0
1673,stage,600.0
413,room,597.0
1256,jazz,597.0
1359,social,596.0
4117,metal,595.0
1407,connect,594.0
1366,key,594.0
493,prefer,593.0
2067,musician,591.0
665,masterpiec,591.0
352,teach,589.0
1782,drive,589.0
7108,radio,588.0
1371,peac,587.0
2366,imag,587.0
2508,brought,587.0
1885,hot,586.0
2134,lover,586.0
1538,convinc,584.0
795,ride,584.0
720,wit,584.0
4613,forget,583.0
2011,receiv,582.0
3081,femal,581.0
904,air,581.0
1739,depth,580.0
4524,messag,580.0
3824,sister,580.0
745,danger,580.0
1456,suffer,579.0
5312,varieti,578.0
1559,red,578.0
2056,romanc,578.0
1479,portray,577.0
2708,slight,577.0
1248,amazon,576.0
480,roll,576.0
1795,organ,576.0
1253,bass,576.0
666,normal,576.0
2195,pain,575.0
1051,sex,575.0
322,intrigu,573.0
1778,repeat,571.0
2046,win,571.0
1389,husband,571.0
960,decad,568.0
4568,dialogu,568.0
3690,notic,567.0
1280,challeng,567.0
2495,store,566.0
1870,odd,565.0
5169,introduc,564.0
2738,apart,564.0
4203,anyway,563.0
611,claim,563.0
4240,engag,563.0
343,christian,563.0
986,lie,562.0
2507,killer,561.0
2140,william,561.0
937,further,561.0
2298,plenti,560.0
680,suspens,559.0
2536,investig,558.0
2747,charm,558.0
12947,amp,554.0
685,thriller,554.0
1341,era,553.0
1246,comic,553.0
3506,generat,551.0
5556,dr,549.0
1917,knowledg,549.0
2865,ladi,549.0
873,quotth,548.0
6191,melod,548.0
3435,repres,547.0
3535,spirit,547.0
1529,rhythm,547.0
1674,process,544.0
3260,reflect,544.0
509,evid,544.0
2758,avoid,542.0
802,librari,540.0
462,polic,540.0
2522,sourc,539.0
1292,smooth,537.0
3002,awesom,537.0
1900,folk,535.0
361,brief,534.0
6221,bonus,532.0
1760,tone,532.0
6724,fresh,532.0
2023,babi,531.0
3689,faith,531.0
5330,guid,530.0
698,constant,530.0
5700,satisfi,528.0
2107,escap,526.0
3393,shine,526.0
275,visit,525.0
2450,govern,525.0
2309,limit,525.0
2540,terrif,522.0
717,marri,519.0
1406,immedi,519.0
3165,wide,518.0
1050,requir,517.0
315,fantasi,516.0
3071,low,516.0
3180,respons,513.0
2889,sell,513.0
1670,stun,511.0
679,viewer,511.0
2028,rule,510.0
151,ten,510.0
2043,express,510.0
2811,passion,510.0
783,rise,509.0
5834,fli,509.0
1572,outsid,509.0
830,west,507.0
756,drama,506.0
2384,enemi,505.0
2383,haunt,501.0
5345,food,499.0
3806,frank,499.0
5850,piano,499.0
444,conclus,499.0
294,jack,498.0
3485,perspect,498.0
5217,credit,497.0
3316,creativ,496.0
39,edg,495.0
515,region,494.0
3155,scienc,493.0
1879,bill,493.0
437,weak,493.0
2769,ii,491.0
393,contribut,491.0
4651,desir,491.0
223,compel,491.0
1815,none,491.0
3661,ignor,490.0
3148,join,490.0
2295,program,489.0
3448,soundtrack,488.0
872,achiev,488.0
2947,sexual,486.0
247,german,483.0
4333,paint,483.0
869,western,482.0
2157,de,481.0
2638,clean,481.0
4720,flaw,481.0
1095,confus,479.0
1049,graphic,478.0
2240,glad,477.0
7548,mood,476.0
1903,translat,474.0
487,topic,474.0
2275,wild,474.0
2302,physic,473.0
5194,compos,473.0
3403,pack,472.0
4290,attract,471.0
6504,energi,471.0
4686,seek,470.0
423,packag,469.0
3574,summer,469.0
2245,trip,469.0
2058,annoy,468.0
1994,straight,468.0
3109,la,467.0
646,visual,467.0
302,suspect,466.0
367,genius,465.0
381,handl,465.0
1224,dog,464.0
1999,team,464.0
443,arriv,462.0
69,teacher,462.0
2634,choos,460.0
983,latest,460.0
2688,market,459.0
4314,core,459.0
2289,cold,458.0
1926,educ,458.0
3050,interview,457.0
3070,led,457.0
308,altern,457.0
3028,root,455.0
723,blood,455.0
643,thorough,454.0
5622,digit,454.0
784,decent,454.0
997,initi,454.0
328,realist,453.0
2628,road,453.0
953,colleg,453.0
617,otherwis,453.0
418,theori,453.0
2080,rais,452.0
1607,destroy,452.0
34,techniqu,451.0
5465,averag,450.0
1535,script,450.0
2305,industri,448.0
879,crazi,448.0
3348,shock,448.0
2356,joy,448.0
3329,peter,448.0
3358,stone,447.0
2537,drug,447.0
2685,protect,446.0
3012,chorus,446.0
1093,eat,446.0
1151,strength,445.0
1854,law,445.0
274,atmospher,444.0
3963,outstand,444.0
479,victim,444.0
4949,wall,444.0
2177,throw,444.0
855,affect,444.0
2062,locat,442.0
3836,center,441.0
5033,south,440.0
1270,arrang,439.0
1802,pleasur,439.0
2681,admir,438.0
314,correct,438.0
3643,richard,438.0
6311,super,438.0
5382,label,438.0
1178,spiritu,437.0
1484,wast,437.0
3618,aliv,436.0
1133,armi,436.0
4313,asid,435.0
2196,score,435.0
891,civil,434.0
686,teenag,434.0
1267,kick,434.0
137,hollywood,432.0
1219,encount,432.0
1645,fulli,431.0
3353,match,431.0
4191,field,431.0
4160,prepar,427.0
4165,separ,427.0
1033,worst,427.0
788,clever,427.0
3663,demonstr,427.0
373,negat,426.0
3032,suit,426.0
7694,predict,424.0
6113,improv,424.0
4086,biggest,424.0
3879,paper,423.0
9,contemporari,422.0
104,race,421.0
87,literatur,421.0
1061,surround,421.0
5072,green,419.0
1959,ground,419.0
884,observ,418.0
32,cross,418.0
1223,defin,418.0
409,rap,418.0
75,thrill,417.0
2873,born,417.0
2782,detect,416.0
4151,male,416.0
2753,specif,416.0
3857,report,415.0
5534,balanc,415.0
2089,spent,415.0
86,comparison,415.0
1860,angel,415.0
712,marriag,414.0
6416,advanc,414.0
3566,enter,414.0
1398,sudden,413.0
1208,violenc,413.0
6081,machin,412.0
1017,imposs,412.0
1700,execut,412.0
3207,commit,412.0
999,intern,411.0
3640,tom,411.0
1675,potenti,411.0
2083,wors,410.0
1595,church,409.0
11354,occur,409.0
2627,increas,409.0
1664,fashion,409.0
4765,replac,408.0
1691,sequenc,408.0
3172,activ,408.0
242,loss,408.0
4572,million,406.0
1544,doubl,406.0
1166,spanish,406.0
1755,mere,406.0
1079,doctor,406.0
3850,readi,405.0
1605,tour,405.0
2458,letter,404.0
2446,determin,404.0
1286,keyboard,404.0
681,worthi,404.0
562,militari,404.0
6593,presid,401.0
916,ship,401.0
1820,religi,401.0
2313,technic,400.0
1015,horribl,400.0
175,somehow,400.0
2026,mistak,399.0
7,europ,399.0
4379,comfort,399.0
676,sequel,398.0
1671,photograph,398.0
243,moral,397.0
2583,leader,397.0
710,bare,397.0
4073,test,397.0
3944,shown,396.0
1211,sign,395.0
10956,catchi,394.0
2037,england,394.0
1862,tool,394.0
433,content,394.0
2076,decis,393.0
1762,awar,393.0
2176,count,392.0
1346,gem,391.0
1102,jump,390.0
2998,solv,390.0
453,sampl,390.0
2236,regular,390.0
1161,epic,390.0
2151,liter,389.0
5723,accompani,387.0
516,forev,387.0
2174,push,386.0
3702,religion,386.0
1058,younger,385.0
4867,documentari,385.0
5080,storylin,385.0
7076,stick,384.0
2188,press,384.0
375,besid,383.0
7095,songwrit,383.0
7636,lee,382.0
2984,skip,382.0
6472,manner,382.0
1646,fortun,381.0
3432,catch,381.0
7707,comput,381.0
661,drawn,380.0
8,finest,379.0
1551,christma,379.0
227,belief,378.0
3229,soldier,378.0
3863,sleep,378.0
259,terribl,377.0
1610,devot,377.0
2911,pleasant,377.0
3605,mine,377.0
3713,warm,377.0
5522,hundr,376.0
3301,establish,376.0
230,tight,376.0
4705,purpos,375.0
2204,soft,375.0
7315,addict,375.0
1052,warn,375.0
4922,occasion,375.0
3030,wear,374.0
1984,tear,373.0
963,hilari,373.0
4688,instruct,372.0
1632,length,372.0
730,innoc,372.0
2334,biographi,371.0
1182,ancient,370.0
2710,hell,369.0
93,composit,369.0
672,harri,369.0
1430,marvel,368.0
2918,riff,368.0
6656,strike,368.0
1636,island,367.0
1976,object,365.0
1614,burn,365.0
2878,quiet,365.0
2846,began,364.0
355,movement,364.0
3796,ok,363.0
1983,cri,363.0
9393,format,363.0
2874,dramat,362.0
387,latter,362.0
1672,depict,361.0
5176,succeed,361.0
3410,gun,360.0
2855,mari,360.0
982,ident,359.0
3704,ahead,359.0
2722,mental,359.0
9466,guitarist,358.0
4159,loud,358.0
1285,childhood,356.0
781,shoot,356.0
1204,mad,356.0
943,interpret,356.0
938,signific,356.0
4439,lesson,354.0
638,alien,354.0
5827,recogn,354.0
957,servic,353.0
864,accomplish,352.0
2319,plain,351.0
2048,televis,351.0
628,ring,351.0
6944,camera,351.0
4092,access,351.0
2402,experienc,351.0
1618,item,350.0
6643,intend,350.0
6098,unless,350.0
6789,method,349.0
2286,wind,349.0
2510,justic,348.0
5856,shape,348.0
117,adapt,348.0
333,silli,348.0
2353,accur,346.0
1265,promis,345.0
625,lord,345.0
1730,blend,345.0
3660,display,344.0
3628,matur,344.0
9753,tape,344.0
3202,psycholog,344.0
4018,door,343.0
6029,compil,343.0
5837,tire,342.0
8473,cost,342.0
2596,address,342.0
3757,joe,341.0
2293,bear,341.0
405,necessari,341.0
4946,central,340.0
1552,celebr,339.0
2952,subtl,339.0
2299,cat,338.0
2252,spot,338.0
475,remix,338.0
707,instanc,338.0
1281,club,338.0
3626,trust,337.0
5361,villain,337.0
95,structur,337.0
664,award,337.0
3607,breath,336.0
1507,sun,336.0
2362,passag,336.0
2527,complaint,335.0
2306,standout,334.0
1948,impact,334.0
2977,path,333.0
5237,depend,333.0
2205,sea,333.0
1276,send,333.0
10482,chart,333.0
5192,thousand,332.0
4103,document,332.0
704,intent,332.0
2098,condit,332.0
531,conflict,331.0
2345,caught,330.0
2823,relax,330.0
9728,welcom,330.0
4028,thoma,330.0
2180,interact,330.0
2391,vision,329.0
736,tie,329.0
14746,japanes,329.0
4823,superior,329.0
3488,upbeat,329.0
2948,charg,329.0
1036,oper,328.0
2705,motiv,328.0
3890,profession,328.0
1757,literari,328.0
113,brutal,327.0
2155,met,327.0
2243,guest,327.0
3478,dollar,327.0
848,european,326.0
1923,youth,326.0
5213,disturb,326.0
1794,gold,325.0
3472,hang,325.0
4152,model,325.0
2090,held,324.0
6541,closer,324.0
4557,drink,324.0
4008,prison,323.0
3001,agent,323.0
3119,monster,322.0
7957,tough,322.0
2438,london,322.0
3462,iron,321.0
2232,north,321.0
3856,loos,321.0
2097,premis,320.0
4247,jone,320.0
4483,invent,320.0
944,fellow,319.0
3262,friendship,319.0
1483,legend,319.0
594,steal,318.0
3475,vers,318.0
4928,slowli,318.0
2592,opportun,317.0
1902,abus,317.0
3215,depress,316.0
6217,convers,315.0
1705,ghost,315.0
3394,grant,315.0
6257,remov,314.0
4469,blow,314.0
3379,accord,314.0
4387,chase,314.0
2220,bunch,314.0
2856,martin,313.0
3029,indian,313.0
2557,stupid,313.0
4870,protagonist,313.0
4882,worri,312.0
5087,distinct,312.0
1207,lay,311.0
2719,explan,311.0
2017,mile,311.0
1092,refus,310.0
3112,everybodi,310.0
735,affair,310.0
1495,partner,309.0
2009,heaven,309.0
7640,concert,309.0
465,presenc,309.0
6213,tension,308.0
2963,bottom,308.0
2248,domin,308.0
711,dri,308.0
2349,extens,308.0
6452,privat,308.0
599,mountain,308.0
1756,magnific,308.0
6993,theater,307.0
2167,gain,306.0
850,command,306.0
4367,numer,305.0
146,philosophi,305.0
189,won,305.0
1175,broken,305.0
7418,commerci,305.0
12759,drummer,305.0
2153,associ,304.0
1960,grew,304.0
1233,okay,303.0
1177,craft,303.0
5068,tip,303.0
290,profil,303.0
746,mission,302.0
1260,meant,302.0
2690,groov,301.0
3764,southern,301.0
6534,consider,301.0
922,scholar,301.0
4325,queen,301.0
4668,favor,301.0
1029,pair,300.0
4426,grand,300.0
5732,maintain,300.0
3418,tree,300.0
917,curious,300.0
719,communiti,299.0
2748,bright,299.0
10246,planet,299.0
6750,unusu,298.0
3454,weight,298.0
4608,sexi,298.0
3307,sick,298.0
7552,brown,298.0
407,east,298.0
3682,weird,297.0
841,speed,297.0
1563,hidden,297.0
2108,transform,297.0
3955,franc,297.0
2785,violent,297.0
1637,treasur,296.0
6237,neither,296.0
5909,bar,296.0
5917,advic,296.0
5736,genuin,296.0
2925,string,295.0
929,resourc,294.0
2159,teen,293.0
3439,cute,293.0
2284,cheap,293.0
2672,sold,292.0
2006,round,292.0
654,complic,292.0
3968,frustrat,291.0
597,appropri,291.0
9462,acoust,291.0
13,philosoph,290.0
4861,grown,289.0
3327,honor,289.0
3063,frequent,289.0
525,virtual,288.0
1472,bibl,288.0
2200,smile,288.0
1477,sorri,287.0
5628,morn,287.0
2113,grace,286.0
4757,higher,286.0
10488,cds,286.0
4324,joke,286.0
6958,brand,286.0
2848,camp,286.0
3026,examin,286.0
3365,crew,286.0
10757,technolog,285.0
2283,hair,285.0
391,disappear,285.0
2743,hint,285.0
598,hunt,285.0
6493,scari,285.0
6060,vari,285.0
901,prose,285.0
3040,instal,284.0
716,independ,284.0
1438,shame,284.0
4084,tabl,284.0
2599,duet,284.0
198,gonna,284.0
1031,identifi,283.0
4040,cloth,283.0
3795,budget,283.0
5044,pattern,282.0
8609,post,282.0
3143,hurt,282.0
3265,benefit,282.0
5415,rush,282.0
3053,context,282.0
2573,smith,282.0
2015,harmoni,282.0
1624,belong,281.0
3173,arm,281.0
2224,judg,281.0
202,angri,281.0
2860,load,281.0
4704,mode,281.0
4782,NUMNUM,281.0
2926,appli,281.0
1555,built,281.0
8267,divers,281.0
2387,secur,281.0
4722,profound,280.0
3653,proper,280.0
3782,dull,280.0
358,argument,280.0
4842,expens,279.0
2921,gorgeous,279.0
2008,winner,279.0
331,bond,279.0
6848,refresh,279.0
1869,trade,279.0
2752,unknown,278.0
5798,ear,278.0
1077,extend,278.0
5322,prais,278.0
6664,tribut,277.0
4786,shop,277.0
1186,nativ,277.0
2472,giant,276.0
27665,NUMbit,276.0
2978,assum,276.0
3534,aid,276.0
656,cop,276.0
1090,thrown,275.0
3860,trailer,275.0
5846,character,275.0
578,nevertheless,274.0
91,multipl,274.0
3802,boss,274.0
16438,nonetheless,273.0
3057,link,273.0
2740,expert,272.0
2395,board,272.0
1028,dozen,272.0
1307,jam,272.0
3206,villag,272.0
4448,statement,272.0
262,degre,271.0
3135,attitud,271.0
6342,mess,271.0
2538,expos,271.0
7801,news,271.0
585,funki,270.0
1335,mainstream,270.0
16608,ratio,269.0
5481,yeah,269.0
3559,bother,269.0
3020,lone,269.0
1011,media,269.0
9198,smart,269.0
602,sky,268.0
4156,enhanc,267.0
3389,recal,267.0
2096,hide,266.0
2659,bob,266.0
3368,ice,266.0
3787,safe,266.0
10003,formula,266.0
4392,nobodi,266.0
404,deeper,266.0
3388,shadow,265.0
4410,professor,265.0
1939,emerg,265.0
3141,engin,265.0
1600,utter,265.0
466,foreign,265.0
537,neat,265.0
3589,vivid,264.0
1611,obsess,264.0
5136,desper,264.0
2116,tragic,264.0
3486,easier,264.0
4681,grab,263.0
3632,hill,263.0
629,trilog,263.0
1340,golden,263.0
6698,ridicul,263.0
990,daili,263.0
4355,quest,263.0
2398,ms,262.0
3861,park,262.0
390,essay,262.0
13372,moon,262.0
4751,greater,262.0
2259,analysi,262.0
2106,actress,261.0
8384,option,261.0
4973,buck,261.0
3755,cook,261.0
2038,prior,261.0
3894,princ,261.0
3018,circumst,260.0
2746,contrast,260.0
2109,forgotten,260.0
5576,steve,260.0
4772,vast,260.0
3891,deepli,260.0
1680,fame,260.0
1262,ray,259.0
8265,exercis,259.0
4828,wood,259.0
7107,flavor,258.0
4500,gentl,258.0
16044,vocalist,258.0
1641,captiv,258.0
1751,rescu,257.0
8021,electr,257.0
4846,davi,257.0
4993,heroin,256.0
762,druxman,256.0
3290,switch,256.0
4164,goal,255.0
6686,sensit,255.0
3210,ruin,255.0
5001,rank,254.0
2588,phrase,254.0
2185,magazin,254.0
1786,behavior,254.0
5980,stuck,254.0
1589,extraordinari,254.0
3107,girlfriend,253.0
2110,charl,253.0
2491,gang,252.0
4183,hire,252.0
2760,sentenc,252.0
1567,terror,252.0
1225,toni,252.0
2386,possess,252.0
4473,window,252.0
4218,crimin,252.0
2258,fell,252.0
3597,cartoon,252.0
4611,freedom,251.0
6404,custom,251.0
281,attach,251.0
1275,tragedi,251.0
5722,card,251.0
7919,worthwhil,251.0
1367,difficulti,251.0
4451,germani,250.0
1118,sam,250.0
307,argu,250.0
3027,task,250.0
4711,confront,250.0
3226,suicid,250.0
510,chill,250.0
3286,beach,249.0
2996,station,249.0
1304,attend,249.0
2531,target,249.0
4623,capabl,249.0
3465,feet,249.0
2231,quirki,248.0
497,rose,248.0
73,demand,248.0
549,indic,248.0
880,intellectu,247.0
3754,weapon,247.0
6485,companion,247.0
4619,inner,247.0
1046,session,246.0
4344,health,246.0
98991,sdh,246.0
40,seat,246.0
12710,measur,246.0
6546,empir,246.0
1124,creatur,246.0
4937,showcas,245.0
3225,dedic,245.0
1547,winter,245.0
2624,sharp,245.0
6305,adam,245.0
98994,kbps,245.0
17331,subtitl,245.0
408,coast,245.0
3941,river,245.0
4847,overlook,244.0
522,expand,244.0
5738,updat,244.0
3593,repetit,244.0
181,oscar,244.0
2271,brain,244.0
6017,larger,244.0
3929,nazi,244.0
421,funk,243.0
4969,bank,243.0
142,instant,243.0
845,wake,243.0
2065,risk,242.0
6859,thin,242.0
1514,laid,242.0
918,unfold,241.0
4366,flat,241.0
2763,al,240.0
5480,scream,240.0
5641,aint,240.0
3123,reminisc,240.0
5455,fault,240.0
3570,intro,240.0
4676,reward,240.0
1349,surfac,240.0
5849,opposit,239.0
2212,paid,239.0
3276,bed,239.0
1726,lower,239.0
7622,collabor,239.0
789,rhyme,239.0
2102,flick,238.0
4370,prevent,238.0
835,pari,238.0
3685,regardless,238.0
548,raw,238.0
2310,mass,238.0
1617,fate,238.0
8507,opera,237.0
12227,overview,237.0
1947,treatment,237.0
6144,italian,237.0
6912,circl,236.0
2262,greek,236.0
1244,hors,236.0
1087,amus,236.0
6136,sale,236.0
1933,chines,236.0
2980,billi,236.0
2962,somewher,236.0
2590,solut,235.0
637,spin,235.0
1597,twenti,235.0
1190,rough,235.0
800,NUMst,235.0
691,unexpect,235.0
1382,contact,235.0
3915,floor,234.0
4767,stretch,234.0
1206,heat,234.0
1957,map,234.0
3728,remast,234.0
3537,ideal,234.0
3586,employ,234.0
1043,vote,234.0
4509,russian,234.0
4779,site,233.0
2277,dress,233.0
7284,frame,233.0
6421,encourag,233.0
4759,insan,233.0
6127,offici,233.0
4790,assist,232.0
682,reccomend,232.0
3194,accid,232.0
4034,abandon,232.0
622,stephen,232.0
5085,bird,232.0
3770,pound,232.0
1072,delet,231.0
1534,witti,231.0
6733,anywher,231.0
1806,liber,231.0
4942,theatric,231.0
536,creation,230.0
4642,sum,230.0
2247,logic,230.0
878,bridg,230.0
9848,confid,230.0
1687,relev,229.0
883,reveng,229.0
7009,authent,229.0
5695,dirti,229.0
5930,drag,229.0
3176,factor,229.0
420,driven,228.0
4954,henri,228.0
6492,hey,228.0
1952,overwhelm,228.0
3237,neighbor,228.0
812,portrait,228.0
303,settl,227.0
7912,fat,227.0
4471,glass,227.0
504,birth,227.0
6616,discoveri,227.0
574,harsh,227.0
1920,construct,226.0
7645,promot,226.0
1318,failur,226.0
1752,poetri,226.0
3521,essenc,226.0
2845,hall,225.0
4618,gay,225.0
1951,trap,225.0
1042,jewish,224.0
172,crowd,224.0
1648,spoil,224.0
1363,garden,224.0
3409,anymor,223.0
3205,bomb,223.0
289,regret,222.0
4443,hole,222.0
4597,symbol,222.0
4950,environ,222.0
3284,kiss,222.0
2439,revolut,222.0
580,vibe,222.0
27078,bassist,222.0
3841,communic,222.0
111,julia,221.0
755,grip,221.0
11610,ball,221.0
1845,mike,221.0
99099,bdNUM,221.0
558,rip,220.0
4030,wise,220.0
2378,owner,220.0
2131,jackson,219.0
3954,empti,219.0
386,hospit,219.0
1953,damag,219.0
560,subsequ,219.0
1615,scott,219.0
4566,fish,219.0
2819,timeless,218.0
1348,below,218.0
2745,stranger,218.0
2163,washington,218.0
10803,integr,218.0
7190,fourth,218.0
11902,aw,216.0
4417,econom,216.0
1250,oppos,216.0
2287,rain,216.0
651,joint,216.0
2793,wellwritten,216.0
650,scifi,216.0
2332,captain,216.0
3908,wave,216.0
4963,trick,215.0
2532,assassin,215.0
1022,forth,215.0
2125,articl,215.0
5747,anthem,215.0
7006,blind,215.0
5807,crash,214.0
2890,devil,214.0
1921,rent,214.0
579,underground,214.0
1517,landscap,214.0
5958,swing,213.0
4332,depart,213.0
481,status,213.0
6210,experiment,213.0
2864,legendari,213.0
3150,holiday,213.0
3873,retir,213.0
1520,revel,213.0
2641,plant,212.0
1283,dig,212.0
363,explos,212.0
4807,van,212.0
4268,dynam,212.0
2933,afraid,211.0
2754,manipul,211.0
4813,vampir,211.0
2736,serial,211.0
1876,reli,211.0
5663,orient,211.0
6205,bruce,211.0
6618,glimps,211.0
5352,concentr,211.0
3577,function,211.0
291,editor,210.0
6611,ordinari,210.0
3909,filmmak,210.0
4210,summari,210.0
4904,bush,210.0
5477,delv,210.0
5130,court,210.0
99037,gbdisc,210.0
769,dj,209.0
3991,resist,209.0
321,kidnap,209.0
4237,popul,209.0
7286,roger,209.0
3830,phone,209.0
5337,medic,209.0
779,gfunk,209.0
3644,weav,209.0
3706,st,208.0
2274,desert,208.0
99,necessarili,208.0
3185,california,208.0
1829,convey,208.0
178,earn,208.0
3509,threaten,207.0
1000,spi,207.0
4818,witch,207.0
3349,endur,207.0
5063,credibl,207.0
11372,stewart,206.0
514,remak,206.0
1055,reaction,206.0
197,blame,206.0
2704,lp,205.0
582,comprehens,205.0
1498,corpor,205.0
5964,basi,205.0
3209,glori,205.0
4635,johnni,205.0
3546,lock,205.0
6660,blast,205.0
5118,NUMthe,204.0
1828,chronicl,204.0
2218,complain,204.0
4498,invest,204.0
4525,categori,204.0
2133,latin,204.0
2184,hiphop,203.0
2862,eight,203.0
995,demon,203.0
3545,tremend,203.0
3233,defend,203.0
1609,particip,202.0
5102,polici,202.0
2120,mom,202.0
4394,ton,202.0
6037,toy,202.0
3892,scare,202.0
6176,scientif,202.0
1300,myth,202.0
1627,internet,202.0
2658,spread,201.0
2169,legal,201.0
5184,sight,201.0
3675,resid,201.0
3321,NUMnd,201.0
9388,controversi,201.0
5826,notabl,201.0
1788,poem,200.0
3128,creepi,200.0
5323,tim,200.0
1996,bell,200.0
3854,bigger,200.0
726,prime,200.0
10522,spectacular,199.0
4586,polish,199.0
1849,roman,199.0
5558,dare,199.0
144,entri,199.0
3667,storytel,199.0
2821,block,199.0
4503,stereotyp,199.0
4127,border,198.0
3102,gather,198.0
2504,ann,198.0
1343,hip,198.0
3817,jim,198.0
7136,divid,198.0
8671,peak,197.0
2207,harder,197.0
6914,debat,197.0
3736,san,197.0
1975,everyday,197.0
2639,defens,197.0
7003,compet,197.0
4449,applic,196.0
5178,fix,196.0
2576,elsewher,196.0
6025,firm,196.0
1235,rival,196.0
4728,host,195.0
1085,highest,195.0
5081,mid,195.0
6089,shorter,195.0
6615,scientist,195.0
1158,dave,195.0
3153,betray,194.0
4211,trial,194.0
7033,distract,194.0
9311,punch,194.0
2336,smaller,194.0
3052,tortur,194.0
5636,unbeliev,194.0
366,immens,194.0
10759,uk,193.0
2420,chris,193.0
4614,conscious,193.0
7184,chemistri,193.0
2464,aim,193.0
1427,dad,193.0
2279,skin,193.0
1878,electron,193.0
2424,clue,193.0
2253,enlighten,193.0
4881,japan,193.0
4858,knock,193.0
5758,feat,193.0
816,trace,193.0
1415,fool,192.0
3230,random,192.0
2104,destruct,191.0
9515,beatl,191.0
5222,heck,191.0
1812,jesus,191.0
2730,alik,191.0
8627,primarili,191.0
5620,footag,191.0
7369,emphasi,190.0
1982,chosen,190.0
5739,bag,190.0
4691,bizarr,190.0
6006,lucki,189.0
6251,plane,189.0
2523,citizen,189.0
1506,parallel,189.0
4930,corrupt,189.0
2039,sentiment,189.0
571,conclud,189.0
3664,precis,188.0
2775,icon,188.0
47,sheer,188.0
3360,wow,188.0
3558,lewi,188.0
1981,chose,187.0
7595,unforgett,187.0
3177,aggress,187.0
3191,puzzl,187.0
98894,avc,187.0
1688,readabl,187.0
8919,sung,187.0
1394,adopt,187.0
2861,suppli,187.0
1654,trio,187.0
2958,wanna,187.0
6178,gotta,187.0
782,em,186.0
5454,somebodi,186.0
4710,transit,186.0
4145,ben,186.0
925,don,186.0
1937,web,186.0
3019,evolv,186.0
5996,defeat,186.0
1004,convent,185.0
980,shift,185.0
3585,accus,185.0
1344,hop,185.0
5579,scale,185.0
1234,chief,185.0
2455,obscur,184.0
9806,punk,184.0
511,alter,184.0
2358,valuabl,184.0
2423,bone,184.0
4644,consequ,184.0
5459,fake,184.0
2410,anybodi,183.0
20392,improvis,183.0
2475,wealth,183.0
5333,inevit,183.0
1299,mellow,183.0
4489,luck,183.0
2272,storm,183.0
1048,taught,183.0
1803,principl,183.0
3838,revolv,183.0
6446,onlin,183.0
4190,portion,182.0
6286,error,182.0
6662,sport,182.0
797,testament,182.0
1962,texa,182.0
5290,lifetim,182.0
8505,dose,182.0
6024,foot,181.0
10404,pink,181.0
4785,flower,181.0
1261,horn,181.0
4445,spell,181.0
2063,costum,181.0
4323,remot,181.0
3497,tempo,181.0
182,nomin,181.0
1718,wisdom,181.0
1716,wrap,181.0
581,arguabl,181.0
3946,assign,180.0
2591,restor,180.0
7080,gameplay,180.0
7722,bound,180.0
7282,dan,180.0
1228,disney,180.0
977,endless,180.0
1005,patient,180.0
4011,excess,180.0
7808,borrow,179.0
5228,casual,179.0
3059,everywher,179.0
1888,synth,179.0
5327,mirror,179.0
5513,memoir,179.0
7446,reput,179.0
940,courag,179.0
5974,competit,179.0
5021,eric,179.0
3614,cheer,179.0
5638,union,178.0
2257,sophist,178.0
7276,alli,178.0
2765,motion,178.0
2676,straightforward,178.0
915,silent,178.0
9093,sympathet,178.0
5279,fals,178.0
1591,financi,177.0
19549,orchestra,177.0
412,shake,177.0
4530,mrs,177.0
1510,cult,177.0
11644,plastic,177.0
4749,embrac,177.0
9948,afford,177.0
502,historian,176.0
9175,entitl,176.0
5899,delici,176.0
2012,heartbreak,176.0
6368,justifi,176.0
5133,duti,176.0
6438,invit,176.0
2418,nois,176.0
3869,finger,175.0
14181,orchestr,175.0
15680,clich,175.0
24224,ensembl,175.0
16838,button,175.0
3720,fairi,175.0
3269,booklet,175.0
4051,thick,175.0
441,smoke,175.0
1002,hesit,174.0
1263,understood,174.0
6497,stock,174.0
410,heavili,174.0
6378,rendit,174.0
1294,bless,174.0
12145,proud,174.0
3629,layer,174.0
2727,height,173.0
8450,sonic,173.0
3712,wound,173.0
6196,fox,173.0
1089,jew,173.0
5512,poetic,173.0
2146,edward,173.0
5932,flawless,173.0
2572,joseph,173.0
1330,faster,173.0
10089,nick,173.0
2729,collector,173.0
2668,china,173.0
5392,minim,172.0
3851,spring,172.0
2602,march,172.0
1712,stumbl,172.0
1053,guard,172.0
8194,coffe,172.0
3793,rb,171.0
5786,tender,171.0
124,exquisit,171.0
4162,underr,171.0
7305,reserv,171.0
138,jane,171.0
98896,NUMNUMmovi,171.0
8615,clip,171.0
28103,cheesi,170.0
8948,capit,170.0
2036,territori,170.0
6418,recip,170.0
2216,bang,170.0
5831,twin,170.0
1966,eastern,170.0
7256,restaur,170.0
4952,rapper,170.0
7699,innov,170.0
14522,artwork,170.0
3980,eleg,170.0
4273,christoph,170.0
1579,mystic,170.0
77,rivet,170.0
4900,fastpac,169.0
3203,belov,169.0
4082,holi,169.0
6277,boat,169.0
2795,brian,169.0
4699,curs,169.0
639,invas,169.0
14598,wing,169.0
4583,overcom,168.0
1787,ador,168.0
5879,alcohol,168.0
3317,deni,168.0
9112,steven,168.0
6128,advantag,168.0
2728,hardcor,168.0
364,flash,168.0
2493,conveni,167.0
7995,darker,167.0
4234,africa,167.0
4830,segment,167.0
7007,cup,167.0
1929,vietnam,167.0
356,breathtak,167.0
5878,pressur,167.0
2686,exploit,167.0
4536,charli,167.0
12396,rocker,167.0
8578,resembl,167.0
6267,gore,166.0
6548,secondari,166.0
1779,transfer,166.0
5146,hotel,166.0
4012,anthoni,166.0
5975,reissu,166.0
3242,anger,166.0
1977,intim,166.0
7067,mouth,165.0
53,boyfriend,165.0
3213,eager,165.0
4372,transport,165.0
1596,uncl,165.0
4932,conserv,165.0
3263,incid,165.0
5375,johnson,165.0
2834,ya,164.0
5056,awkward,164.0
4288,crack,164.0
16392,cameo,164.0
2788,confess,164.0
1586,knight,164.0
7410,oil,164.0
6827,pen,164.0
6502,threat,164.0
9922,corner,164.0
2647,reduc,164.0
1891,obtain,164.0
3553,suprem,164.0
14542,lift,164.0
9898,acquir,164.0
2031,poignant,164.0
5612,jimmi,164.0
5799,accent,164.0
1136,doom,164.0
6175,galleri,163.0
8278,kinda,163.0
1364,disast,163.0
2932,channel,163.0
6426,realism,162.0
3093,rage,162.0
3849,combat,162.0
4850,broke,162.0
2049,cash,162.0
8159,lean,162.0
1690,fabul,162.0
4531,moor,162.0
8903,administr,162.0
4021,elvi,162.0
2052,slower,162.0
4351,grade,161.0
1229,hunter,161.0
8661,primari,161.0
1447,disagre,161.0
6501,liner,161.0
5065,forgiv,161.0
3905,medit,161.0
1354,wilson,161.0
6978,countless,160.0
342,wealthi,160.0
3038,anticip,160.0
337,shoe,160.0
3198,sarah,160.0
347,institut,160.0
2547,featurett,160.0
6924,routin,160.0
1433,farm,160.0
2354,spite,159.0
7786,absorb,159.0
12356,alan,159.0
3945,newspap,159.0
6040,itali,159.0
5868,stronger,159.0
6012,academ,159.0
974,nightmar,159.0
8757,india,159.0
7452,flesh,159.0
3897,journal,158.0
12383,hd,158.0
11030,devic,158.0
1324,survivor,158.0
6948,rob,158.0
3557,reject,158.0
1647,priest,158.0
194,paperback,158.0
1946,diseas,158.0
1913,damn,158.0
6375,strip,158.0
1313,jr,157.0
3397,lesser,157.0
1489,decor,157.0
2256,slip,157.0
6146,bold,157.0
2263,lawyer,157.0
5584,divin,157.0
1823,silenc,157.0
7260,daniel,157.0
2931,unabl,156.0
11045,rapid,156.0
1797,poet,156.0
4637,deliveri,156.0
619,dislik,156.0
5991,NUMrd,156.0
6918,dvds,156.0
3091,excus,156.0
3147,weekend,155.0
6338,ingredi,155.0
2079,cathol,155.0
3512,split,155.0
11619,textur,155.0
1512,simon,155.0
3400,ventur,155.0
508,radic,154.0
1662,bloodi,154.0
2469,vital,154.0
5689,sincer,154.0
14228,resolut,154.0
8991,castl,154.0
10900,resolv,154.0
349,distort,154.0
3455,distanc,154.0
7204,stood,154.0
823,echo,154.0
2876,recreat,153.0
3101,angl,153.0
5123,campaign,153.0
4987,cite,153.0
8413,african,153.0
1403,divorc,153.0
9808,frighten,153.0
1066,buddi,153.0
1736,proof,153.0
2859,theatr,153.0
6684,fade,153.0
4113,gear,152.0
13687,percuss,152.0
5828,signatur,152.0
2412,fulfil,152.0
933,hugh,152.0
6571,info,152.0
6668,sole,152.0
5218,fifti,152.0
3285,wash,152.0
463,da,151.0
667,dragon,151.0
5359,amongst,151.0
4616,hood,151.0
29794,youquot,151.0
9535,hype,151.0
6968,global,151.0
2267,proceed,151.0
3412,juli,151.0
8614,tini,151.0
3134,fare,151.0
4075,prayer,151.0
4420,wwii,151.0
231,fond,150.0
99302,mbpsaverag,150.0
5163,zone,150.0
5002,con,150.0
12404,hat,150.0
3565,snow,150.0
10473,brave,150.0
2682,worker,150.0
2132,hitler,150.0
7386,steel,150.0
8173,dinner,150.0
8143,mediocr,150.0
3199,andrew,150.0
11632,spare,149.0
7261,inclus,149.0
3719,supernatur,149.0
2850,isol,149.0
2757,bay,149.0
1974,tea,149.0
472,slam,149.0
22930,martial,149.0
1565,buri,149.0
4843,satir,149.0
7815,robot,149.0
5894,code,149.0
4318,devast,149.0
9600,paragraph,149.0
4605,speech,149.0
8729,feed,149.0
1628,humbl,148.0
7903,bottl,148.0
9561,network,148.0
334,substanc,148.0
3691,leg,148.0
3132,alot,148.0
5289,guilti,148.0
9909,scheme,148.0
4673,fifth,148.0
5175,enchant,148.0
4421,habit,148.0
8041,render,148.0
3813,menac,148.0
5524,nine,148.0
3067,insist,147.0
6123,astonish,147.0
2193,cinematographi,147.0
1865,footnot,147.0
415,foundat,147.0
3116,pursu,147.0
6628,bitter,147.0
1434,suck,147.0
5813,notch,147.0
772,lace,147.0
3121,ugli,147.0
1955,index,147.0
16852,violin,147.0
2129,kevin,147.0
6106,pose,146.0
2723,scratch,146.0
2561,mormon,146.0
7896,stress,146.0
27670,khz,146.0
9059,subplot,146.0
3913,sin,146.0
18523,saga,146.0
5518,span,146.0
3278,characterist,146.0
2327,bite,146.0
96,enorm,146.0
2268,pretend,146.0
6468,consum,146.0
5311,concis,146.0
8953,rape,145.0
12629,occas,145.0
6748,util,145.0
147,jason,145.0
263,energet,145.0
3463,strategi,145.0
99100,NUMrun,144.0
256,convict,144.0
3258,gari,144.0
7133,insert,144.0
12324,crisp,144.0
10850,flight,144.0
2831,strict,144.0
6977,thread,144.0
4201,cousin,144.0
7166,creator,144.0
5552,predecessor,144.0
4848,wine,144.0
5363,engross,144.0
6847,kitchen,143.0
4738,stellar,143.0
3964,vacat,143.0
9944,grasp,143.0
3051,evolut,143.0
5403,destin,143.0
3016,outrag,143.0
1774,reread,143.0
5197,incorpor,143.0
3416,mechan,143.0
3467,silver,143.0
1950,fallen,143.0
2544,howard,143.0
2715,jazzi,143.0
1187,journalist,143.0
3505,filler,142.0
11963,henc,142.0
6284,advertis,142.0
110,ran,142.0
2442,arab,142.0
6276,lake,142.0
3895,princess,142.0
11226,kelli,142.0
11853,favourit,142.0
6397,climax,142.0
8783,ed,141.0
14604,speaker,141.0
1838,likabl,141.0
353,christ,141.0
183,enthusiast,141.0
4634,chicago,141.0
5992,gritti,141.0
1288,tribe,140.0
7389,preach,140.0
7450,irrit,140.0
4208,arrest,140.0
6061,elizabeth,140.0
11630,max,140.0
2242,andi,140.0
4829,tedious,140.0
1295,trademark,140.0
3103,warrior,140.0
727,wander,140.0
923,etern,139.0
26354,meanwhil,139.0
623,wheel,139.0
6557,usa,139.0
13502,gospel,139.0
1665,declar,139.0
1082,inhabit,139.0
9665,vein,139.0
9269,recount,139.0
6737,smell,139.0
7458,substanti,139.0
16920,flute,138.0
2954,weather,138.0
14071,pour,138.0
5367,taylor,138.0
6693,tendenc,138.0
8168,urban,138.0
5864,boot,138.0
5509,sensibl,138.0
3972,chao,138.0
6288,compass,138.0
8288,sceneri,138.0
9262,elev,138.0
11416,smash,138.0
5694,acknowledg,138.0
3414,crush,137.0
3310,triumph,137.0
1393,eas,137.0
4382,boston,137.0
6648,legaci,137.0
6723,broad,137.0
6935,websit,137.0
2699,slave,137.0
5005,pilot,137.0
12288,chord,136.0
7617,ai,136.0
6155,spoiler,136.0
6638,clariti,136.0
5666,lifestyl,136.0
2375,jean,136.0
4764,climb,136.0
5863,extent,136.0
9193,willi,136.0
9265,diari,136.0
5793,lend,136.0
5445,distant,136.0
5852,midnight,136.0
6246,veteran,136.0
1297,slick,136.0
3370,preserv,136.0
10288,conduct,135.0
4714,driver,135.0
7105,equip,135.0
7916,platform,135.0
3823,struck,135.0
7171,genesi,135.0
3875,los,135.0
2343,allen,135.0
5761,jeff,135.0
2445,revolutionari,135.0
1620,accident,135.0
9068,kate,135.0
2005,lush,135.0
4003,handsom,135.0
2533,quartet,135.0
2480,wayn,135.0
1044,elect,134.0
13181,andor,134.0
6798,enabl,134.0
4979,ocean,134.0
979,NUMyearold,134.0
10720,nail,134.0
4222,uncov,133.0
4660,piti,133.0
3021,cooper,133.0
4788,spark,133.0
6989,emphas,133.0
4050,inch,133.0
4825,massiv,133.0
10553,par,133.0
2344,reluct,133.0
6511,cinema,133.0
14485,stepbystep,133.0
9389,dread,133.0
2430,royal,133.0
4114,toler,133.0
545,keith,133.0
8526,sacrific,133.0
14440,bland,133.0
2783,trail,133.0
5957,conspiraci,132.0
4877,happili,132.0
6846,candi,132.0
4253,followup,132.0
5593,adjust,132.0
6183,row,132.0
5300,alex,132.0
9748,recov,132.0
3043,arthur,132.0
6117,handi,132.0
14651,stereo,132.0
1767,specul,132.0
6373,russia,132.0
5349,northern,131.0
8852,grate,131.0
6042,britain,131.0
1063,jon,131.0
1602,absurd,131.0
6326,walter,131.0
5760,matt,131.0
7109,vehicl,131.0
16552,forest,131.0
13039,dismiss,131.0
13661,korean,130.0
4527,sunday,130.0
2409,pet,130.0
1289,click,130.0
25993,vhs,130.0
9124,sean,130.0
2162,elder,130.0
3555,gangsta,130.0
4397,exchang,130.0
3939,chamber,130.0
7371,mexico,130.0
8115,politician,130.0
5971,cynic,130.0
326,vinyl,129.0
8052,heal,129.0
3363,plagu,129.0
653,duo,129.0
831,wizard,129.0
6573,candid,129.0
3619,dawn,129.0
1008,dumb,129.0
1772,patienc,129.0
12323,slide,129.0
1719,contempl,129.0
7366,chain,129.0
1956,scriptur,128.0
902,shoulder,128.0
10815,arrog,128.0
7835,denni,128.0
748,likeabl,128.0
7186,assembl,128.0
5258,upper,128.0
1192,scholarship,128.0
7222,marshal,128.0
2912,terrorist,128.0
11698,beginn,128.0
217,sermon,128.0
19919,destini,128.0
1312,dope,128.0
2880,uplift,128.0
4876,monk,128.0
9639,parker,128.0
7528,cheat,128.0
9405,generous,127.0
3859,guarante,127.0
3122,birthday,127.0
3000,fbi,127.0
5398,ron,127.0
5219,urg,127.0
6168,thug,127.0
4671,redeem,127.0
10143,diet,127.0
518,retain,126.0
13021,musicianship,126.0
28314,mario,126.0
3288,till,126.0
4717,stark,126.0
6877,dimens,126.0
3801,nasti,126.0
6577,sword,125.0
1626,afternoon,125.0
15402,NUMd,125.0
5935,delic,125.0
10353,growth,125.0
12033,aka,125.0
98992,spanishnumb,125.0
7524,coloni,125.0
14212,medium,125.0
5537,mous,125.0
2608,invad,125.0
30313,mequot,124.0
513,percept,124.0
2054,nuanc,124.0
6535,gothic,124.0
49,brillianc,124.0
4120,fought,124.0
4100,sake,124.0
2004,tenor,124.0
3982,sensual,124.0
787,relentless,124.0
5519,uptempo,124.0
9688,chicken,124.0
5347,meat,124.0
8137,fanci,124.0
4654,pastor,124.0
3886,nonstop,124.0
867,strongest,123.0
725,assur,123.0
1372,spain,123.0
89147,acNUM,123.0
7886,gap,123.0
15063,nowaday,123.0
6990,cell,123.0
8311,kingdom,123.0
6491,tower,123.0
5116,data,123.0
3482,heartfelt,123.0
1554,zombi,123.0
99301,gbtotal,123.0
3445,chronolog,123.0
12729,exclus,123.0
8573,blown,123.0
5564,float,122.0
6132,valid,122.0
316,assess,122.0
16027,variat,122.0
2126,funniest,122.0
4884,warren,122.0
8191,stir,122.0
1895,complement,122.0
3943,await,122.0
1309,academi,122.0
458,wellknown,122.0
5190,fruit,122.0
401,mask,122.0
3931,cinemat,122.0
296,notori,122.0
1140,heavier,122.0
13612,compliment,122.0
2118,garbag,122.0
4504,trash,122.0
1537,biblic,121.0
2320,grandmoth,121.0
8462,troop,121.0
2440,crucial,121.0
839,irish,121.0
8694,shelf,121.0
3874,cia,121.0
10322,victori,121.0
6749,squar,121.0
4111,belt,121.0
601,diamond,121.0
6376,terri,121.0
2564,danni,121.0
2525,saturday,121.0
1508,worship,121.0
6451,exot,121.0
10606,wolf,121.0
2179,sweep,120.0
4283,flashback,120.0
1819,homosexu,120.0
11073,bibliographi,120.0
7710,ali,120.0
98913,NUMkbps,120.0
5708,clark,120.0
1613,sacr,120.0
42028,bedtim,120.0
13249,clock,120.0
1796,calm,120.0
5233,barri,120.0
17996,meal,120.0
4161,deliber,120.0
4119,soviet,119.0
2321,grave,119.0
8225,symphoni,119.0
1097,deriv,119.0
5458,aspir,119.0
12494,lengthi,119.0
8524,jewel,119.0
3480,thirti,119.0
6105,adequ,119.0
4088,bias,119.0
9296,freak,119.0
4629,healthi,119.0
2191,splendid,119.0
4675,punish,119.0
7115,photographi,119.0
399,halloween,119.0
477,laidback,119.0
6005,trend,118.0
12917,graduat,118.0
7419,portugues,118.0
751,cruel,118.0
5697,stolen,118.0
5409,detract,118.0
2524,confirm,118.0
1091,hungri,118.0
8063,princip,118.0
668,egg,118.0
9333,scenario,118.0
527,shut,118.0
4595,slim,118.0
8346,profit,118.0
500,israel,118.0
6849,twelv,118.0
7590,lazi,118.0
4294,cure,118.0
5446,dear,118.0
6639,honesti,118.0
7553,antholog,118.0
3060,nobl,118.0
27077,grammi,118.0
12360,crisi,117.0
3428,carter,117.0
13686,prog,117.0
8087,iraq,117.0
13695,aor,117.0
6306,eve,117.0
2093,lame,117.0
9019,divis,117.0
987,albeit,117.0
485,infam,117.0
4670,nonsens,117.0
14365,immigr,117.0
10036,nake,117.0
13107,oliv,116.0
810,judgment,116.0
6177,outfit,116.0
4645,absenc,116.0
9078,cream,116.0
5990,batman,116.0
1413,zero,116.0
5098,analyz,116.0
2165,bet,116.0
229,shi,116.0
11126,newli,116.0
1918,spit,116.0
3275,neighborhood,116.0
29625,lovequot,116.0
9406,trek,116.0
6096,awhil,116.0
5664,idiot,116.0
4243,comed,116.0
12094,duke,116.0
3989,dust,116.0
11476,skeptic,116.0
3453,equival,116.0
3270,flip,115.0
1237,premier,115.0
4278,gangster,115.0
5929,harmon,115.0
5905,beg,115.0
4139,promin,115.0
2724,provok,115.0
9626,sink,115.0
2966,relief,115.0
6761,neil,115.0
647,metaphor,115.0
8129,le,114.0
3235,outcom,114.0
11138,yall,114.0
678,terrifi,114.0
15592,patrick,114.0
2772,leagu,114.0
4186,philip,114.0
9241,cgi,114.0
7055,cloud,114.0
3903,aunt,114.0
4286,lineup,114.0
6555,declin,114.0
1183,ritual,114.0
956,brush,114.0
241,theolog,114.0
2388,scope,114.0
3417,bargain,114.0
4173,eddi,114.0
14467,trumpet,114.0
2050,prize,114.0
3918,pointless,114.0
12381,tranc,114.0
9460,fusion,113.0
12019,infecti,113.0
6757,array,113.0
2679,constitut,113.0
1441,yellow,113.0
12432,techno,113.0
4276,screenplay,113.0
10692,mixtur,113.0
3600,morgan,113.0
28471,saxophon,113.0
7344,outlin,113.0
6153,sympathi,113.0
4053,departur,113.0
1254,crap,113.0
346,medicin,113.0
23184,quota,113.0
1305,cruis,112.0
5008,approxim,112.0
2749,beneath,112.0
37982,dts,112.0
5913,sir,112.0
13216,tis,112.0
12755,sang,112.0
3228,mesmer,112.0
776,realm,112.0
2882,stanley,112.0
4099,leadership,112.0
6865,pioneer,112.0
4774,announc,112.0
2737,elabor,111.0
7791,socal,111.0
1380,crystal,111.0
10359,plate,111.0
2,introspect,111.0
11156,musthav,111.0
54,ryan,111.0
5093,summar,111.0
2683,farmer,111.0
19533,loyal,111.0
6278,torn,111.0
5104,automat,111.0
1258,navi,111.0
1088,anecdot,111.0
6901,merit,111.0
2363,evok,111.0
6802,pride,111.0
8180,parodi,111.0
2000,russel,111.0
10527,afterward,110.0
1532,turner,110.0
3054,exhibit,110.0
4729,jerri,110.0
5071,ego,110.0
2684,propos,110.0
3268,widow,110.0
2601,saint,110.0
9498,versatil,110.0
4170,superhero,110.0
5204,vagu,110.0
98900,truehd,110.0
9652,file,110.0
4334,surreal,110.0
4455,protest,109.0
2311,fundament,109.0
3773,bounci,109.0
4345,chocol,109.0
1556,templ,109.0
1094,endear,109.0
4921,leap,109.0
149,ponder,109.0
11041,sugar,109.0
5780,nurs,109.0
15225,flame,109.0
1991,synthes,109.0
2025,vintag,109.0
3431,dc,108.0
4010,ford,108.0
438,mc,108.0
24133,sd,108.0
2121,florida,108.0
1622,explicit,108.0
6365,founder,108.0
2630,manufactur,108.0
12006,shade,108.0
2595,upset,108.0
2636,orang,108.0
4866,retrospect,108.0
5157,pursuit,108.0
1881,mob,108.0
6079,midNUM,108.0
1339,influenti,108.0
12823,hammer,108.0
4893,tommi,108.0
10496,seduct,108.0
28656,coltran,108.0
2631,dish,108.0
985,NUMyear,108.0
2986,eccentr,108.0
4037,wick,108.0
5963,arcad,107.0
9971,insult,107.0
8835,francisco,107.0
12207,heroic,107.0
8749,redempt,107.0
2142,ami,107.0
11546,iii,107.0
6407,agenda,107.0
2725,backdrop,107.0
4837,advis,107.0
2635,cake,107.0
7910,canada,107.0
11661,poverti,107.0
2605,loui,107.0
4046,dean,107.0
3169,cowboy,107.0
8223,conceiv,107.0
4805,notion,107.0
4716,collaps,107.0
2618,nelson,107.0
1272,beast,106.0
1021,useless,106.0
20730,welldevelop,106.0
1334,hebrew,106.0
6161,distinguish,106.0
10690,suitabl,106.0
5151,keen,106.0
2505,briefli,106.0
3641,brook,106.0
3731,NUMdisc,106.0
99102,kbpsdolbi,106.0
2919,stapl,106.0
371,exhaust,106.0
4255,darn,106.0
2394,meaning,106.0
5020,drew,106.0
4700,selfish,106.0
9716,alongsid,106.0
9713,gate,105.0
2355,immort,105.0
3979,embarrass,105.0
12039,batteri,105.0
626,rick,105.0
3196,neglect,105.0
2896,islam,105.0
10775,strain,105.0
2815,miracl,105.0
4827,jay,105.0
1684,pearl,105.0
5829,sax,105.0
5571,vol,105.0
4258,appl,105.0
1887,whini,105.0
8506,soap,105.0
98899,mbpsdolbi,105.0
309,guilt,105.0
1217,tens,105.0
3544,bump,105.0
5830,albert,105.0
4621,mama,105.0
9182,prostitut,105.0
9636,susan,105.0
6565,dancer,105.0
7346,autobiographi,104.0
300,elimin,104.0
112,downright,104.0
1703,attorney,104.0
7022,perceiv,104.0
7805,asian,104.0
4495,properti,104.0
1661,respond,104.0
1443,rural,104.0
2955,groovi,104.0
8795,forti,104.0
11071,ian,104.0
4352,aloud,104.0
1606,museum,104.0
2072,reson,104.0
1707,shallow,104.0
3771,jonathan,104.0
5673,toss,104.0
3657,novelist,104.0
3950,impli,104.0
5872,supplement,104.0
19161,blaze,104.0
3985,offens,104.0
12844,floyd,103.0
1990,ambiti,103.0
3426,harm,103.0
1062,costar,103.0
5433,alic,103.0
1667,altogeth,103.0
3362,despair,103.0
3261,loyalti,103.0
7934,shed,103.0
7918,NUMthis,103.0
7106,tank,103.0
1907,lighter,103.0
1390,matthew,103.0
383,lion,103.0
5110,procedur,103.0
7201,berlin,103.0
2837,voyag,103.0
1511,spoken,103.0
3927,eeri,103.0
5353,elit,103.0
3635,minist,103.0
4041,alexand,103.0
13267,tonight,102.0
13491,sooth,102.0
99098,NUMmpegNUM,102.0
498,bounc,102.0
6931,ration,102.0
3374,gut,102.0
6578,ethic,102.0
15117,alpha,102.0
6405,rid,102.0
3594,warner,102.0
4974,mild,102.0
3334,merci,102.0
1296,unnecessari,102.0
1886,pitch,102.0
7417,fund,101.0
3174,assault,101.0
1524,racial,101.0
7279,disguis,101.0
8498,estat,101.0
6302,pocket,101.0
1503,ruthless,101.0
2906,shout,101.0
6966,pat,101.0
6138,tax,101.0
2316,intric,101.0
8539,employe,101.0
5933,symphon,101.0
3531,domest,101.0
2687,labor,101.0
5239,branch,101.0
8091,chees,101.0
7766,goodby,101.0
7938,sketch,100.0
11086,biograph,100.0
4856,jennif,100.0
5511,psych,100.0
99000,gbaverag,100.0
8670,simultan,100.0
3009,mankind,100.0
2434,sand,100.0
1993,stylist,100.0
1315,virginia,100.0
5007,NUMminut,100.0
1702,pathet,100.0
1301,sunni,100.0
4633,rider,100.0
3569,chair,100.0
2467,moder,100.0
2696,ep,99.0
3735,jungl,99.0
6346,wright,99.0
4155,safeti,99.0
7760,plausibl,99.0
15313,itth,99.0
5792,rout,99.0
6852,gag,99.0
8979,abstract,99.0
3780,lil,99.0
403,broadway,99.0
5977,pan,99.0
3952,sat,99.0
4816,maker,99.0
3716,robin,99.0
12675,closest,99.0
7563,attribut,99.0
23341,soprano,99.0
7328,disco,99.0
1695,glossari,99.0
11743,surpass,99.0
3025,mate,99.0
7242,outer,99.0
7897,agenc,99.0
4628,screw,99.0
10460,thoughtprovok,99.0
5506,fabric,99.0
13077,wooden,98.0
19613,workout,98.0
6437,foster,98.0
18725,fighter,98.0
9043,preced,98.0
5200,gradual,98.0
2663,bobbi,98.0
1766,midst,98.0
4013,launch,98.0
4834,homag,98.0
9234,pot,98.0
10484,roy,98.0
4972,topnotch,98.0
12012,makeup,98.0
7709,revers,98.0
13162,rever,98.0
1385,cancer,98.0
12667,chop,98.0
6917,sustain,98.0
3282,breakfast,98.0
1023,tactic,98.0
11105,doll,98.0
5881,newest,98.0
6484,servant,98.0
8119,sinist,97.0
660,astound,97.0
5142,feder,97.0
58,senior,97.0
5594,carol,97.0
10383,dilemma,97.0
9471,purpl,97.0
6014,curios,97.0
5092,imit,97.0
4697,franchis,97.0
14402,quotyou,97.0
2953,june,97.0
836,shakespear,97.0
5450,sixti,97.0
2674,viewpoint,97.0
7268,illeg,97.0
12215,humour,97.0
6323,ensu,97.0
6094,offend,97.0
3665,prophet,97.0
5993,drawback,96.0
2044,revisit,96.0
12394,phil,96.0
3395,dealt,96.0
12887,sensat,96.0
3601,transcend,96.0
27668,NUMkhz,96.0
6641,uniform,96.0
13215,rereleas,96.0
1790,resort,96.0
12020,bug,96.0
5436,grandfath,96.0
10388,economi,96.0
12932,newer,96.0
12045,exposur,96.0
7416,cabl,96.0
18175,reinforc,96.0
2415,drift,96.0
3281,download,96.0
12412,nuclear,96.0
12366,bullet,96.0
3883,befriend,96.0
6130,cycl,96.0
9576,septemb,96.0
6439,consol,96.0
18291,slice,96.0
2922,vulner,96.0
7539,bestsel,96.0
2615,senat,95.0
2501,funer,95.0
2322,gray,95.0
1936,seamless,95.0
4398,miser,95.0
99101,mbpsdtshd,95.0
8256,longtim,95.0
8716,tech,95.0
13691,nostalg,95.0
9421,bride,95.0
6591,scandal,95.0
3126,surgeri,95.0
4456,reform,95.0
6562,dick,95.0
12674,dive,95.0
3974,swedish,95.0
4133,vice,95.0
4833,noir,95.0
2282,blond,95.0
4579,descend,95.0
19399,chick,95.0
6840,dutch,94.0
3781,indepth,94.0
1242,disgust,94.0
732,rumor,94.0
10851,proven,94.0
6455,spiral,94.0
5840,superfici,94.0
5059,coincid,94.0
16122,calori,94.0
12228,output,94.0
6454,bowl,94.0
3595,bros,94.0
3335,edgar,94.0
5674,vibrant,94.0
13810,enthral,94.0
7471,user,94.0
8635,victor,94.0
1463,resurrect,94.0
7312,alright,94.0
1446,halfway,93.0
11259,partial,93.0
6143,tackl,93.0
7657,monument,93.0
5626,yard,93.0
8297,poison,93.0
7943,owe,93.0
5046,pie,93.0
10912,cheaper,93.0
4091,keeper,93.0
1711,react,93.0
10454,mytholog,93.0
7289,collin,93.0
3149,santa,93.0
43750,nintendo,93.0
8415,glorious,93.0
10528,invis,93.0
7708,represent,93.0
5882,pierc,93.0
7426,modest,93.0
11570,interlud,93.0
5106,versus,92.0
2983,diehard,92.0
2152,pray,92.0
8853,inspector,92.0
14271,lunch,92.0
8354,greed,92.0
10698,pretenti,92.0
9677,horrif,92.0
6575,kennedi,92.0
7598,acclaim,92.0
2192,shell,92.0
7742,rome,92.0
6743,mac,92.0
3515,jail,92.0
673,potter,92.0
17615,tap,92.0
2534,contract,92.0
1481,mason,92.0
1864,slap,92.0
3084,soni,92.0
6273,household,92.0
10045,reunit,92.0
31,boundari,92.0
1437,exagger,92.0
6781,decemb,92.0
3865,compact,92.0
4771,holocaust,92.0
8479,clinton,92.0
1728,seller,92.0
3036,steadi,92.0
14927,substitut,92.0
2920,thunder,92.0
4195,el,91.0
2548,aforement,91.0
2346,vicious,91.0
12621,upgrad,91.0
13504,romp,91.0
2183,hamilton,91.0
10214,rebel,91.0
3718,wilder,91.0
5154,manual,91.0
6393,uncomfort,91.0
7992,crow,91.0
4726,staff,91.0
13760,octob,91.0
17574,dirt,91.0
12362,harrison,91.0
7381,fanat,91.0
3726,naiv,91.0
6951,evan,91.0
13696,convert,90.0
1240,pete,90.0
7687,mexican,90.0
17453,mighti,90.0
8126,superbl,90.0
2935,correspond,90.0
22350,pianist,90.0
4992,clash,90.0
6207,imageri,90.0
18897,warmth,90.0
3390,seal,90.0
8917,reign,90.0
8574,soar,90.0
6839,mediev,90.0
5533,psychedel,90.0
14113,kong,90.0
6189,cent,90.0
5946,anniversari,90.0
3775,dash,90.0
9733,phase,90.0
6166,fatal,90.0
11056,catalog,90.0
5452,forgot,90.0
1525,prejudic,90.0
6430,legitim,90.0
4542,factori,90.0
5854,sorrow,90.0
98995,NUMkbpsdolbi,89.0
4074,temptat,89.0
6083,rhythmic,89.0
684,pulp,89.0
8248,paradis,89.0
12902,holm,89.0
6580,startl,89.0
7164,contradict,89.0
5380,bbc,89.0
97,stimul,89.0
5266,horrifi,89.0
998,approv,89.0
1853,alfr,89.0
5652,anna,89.0
9383,contrari,89.0
8460,marin,89.0
7019,lectur,89.0
2560,revis,89.0
7240,hopeless,89.0
17523,lincoln,89.0
1513,baker,89.0
1412,reliabl,89.0
9578,daddi,89.0
1410,pregnant,89.0
6791,thumb,89.0
4910,larri,89.0
11467,surrend,89.0
8216,gordon,88.0
161,sneak,88.0
1388,immatur,88.0
11735,cardboard,88.0
43908,laserdisc,88.0
741,acquaint,88.0
4466,pile,88.0
2843,pool,88.0
5078,prop,88.0
2809,hypnot,88.0
5490,dealer,88.0
4712,mortal,88.0
7227,longest,88.0
1631,bus,88.0
7566,mar,88.0
10799,aris,88.0
21004,teeth,88.0
4140,email,88.0
13371,pepper,88.0
15464,cole,88.0
18381,bluray,88.0
12987,recognit,88.0
1569,festiv,88.0
3161,mold,88.0
7440,needless,88.0
4217,fuel,87.0
7314,softer,87.0
936,firstrat,87.0
15045,butterfli,87.0
6826,pit,87.0
3608,valley,87.0
1754,biolog,87.0
7544,reviv,87.0
10903,tall,87.0
4730,infinit,87.0
5357,simplic,87.0
8070,carl,87.0
6699,simplist,87.0
10311,cowork,87.0
14828,spooki,87.0
10593,wipe,87.0
6540,anderson,86.0
6879,crown,86.0
10200,hank,86.0
16350,monkey,86.0
10154,canon,86.0
5350,manhattan,86.0
2742,ironi,86.0
5505,woven,86.0
50249,dolbi,86.0
3645,vocabulari,86.0
4620,optimist,86.0
4402,explod,86.0
907,sail,86.0
652,banger,86.0
2578,miller,86.0
1781,hostil,86.0
6122,consult,86.0
1064,decept,86.0
10371,torment,86.0
8179,victorian,86.0
7907,canadian,86.0
23436,precious,86.0
14487,archiv,86.0
11671,bubbl,86.0
6374,pirat,86.0
4983,secretari,86.0
5128,suspend,85.0
10614,arena,85.0
7433,republ,85.0
2064,catalogu,85.0
4266,recruit,85.0
7088,inherit,85.0
10804,narrow,85.0
1548,rave,85.0
5040,mafia,85.0
14174,non,85.0
6936,nut,85.0
13452,stroke,85.0
2014,impecc,85.0
3615,obstacl,85.0
2691,democrat,85.0
2408,buff,85.0
2910,tourist,85.0
890,cave,85.0
5129,shatter,85.0
2460,stare,85.0
10706,tongu,85.0
195,bookstor,85.0
11668,embodi,85.0
287,dougla,85.0
3621,adolesc,85.0
6139,presidenti,85.0
12389,effortless,85.0
14474,atlant,85.0
6712,phenomen,85.0
9201,snake,84.0
5031,setup,84.0
5079,craze,84.0
1807,expans,84.0
5775,port,84.0
7586,percent,84.0
4593,spice,84.0
1376,helen,84.0
3837,racism,84.0
6403,riot,84.0
737,bow,84.0
561,shred,84.0
8720,nod,84.0
6533,snap,84.0
6049,soup,84.0
6642,illumin,84.0
7395,swim,84.0
3190,bend,84.0
3847,loser,84.0
4076,tempt,84.0
1969,anchor,84.0
5597,alltim,84.0
792,persona,84.0
1243,footbal,84.0
1404,colin,84.0
9035,inher,84.0
3591,overthetop,84.0
11486,counter,84.0
7974,quarter,84.0
5754,blade,84.0
9533,wire,84.0
4433,laura,84.0
6020,egypt,84.0
12781,burst,84.0
7997,ongo,83.0
6487,enrich,83.0
3662,mistaken,83.0
6704,pump,83.0
4783,hatr,83.0
7173,assert,83.0
2181,donald,83.0
5095,bud,83.0
6528,stream,83.0
11835,dub,83.0
4095,communist,83.0
15645,kit,83.0
4341,nyc,83.0
13018,laughter,83.0
8611,cage,83.0
852,groundbreak,83.0
18139,madonna,83.0
9432,stake,83.0
9236,fragil,83.0
15184,softwar,83.0
46848,keyboardist,83.0
10287,april,83.0
6382,egyptian,83.0
4499,ward,83.0
12313,absent,82.0
4630,somethin,82.0
7422,broadcast,82.0
8183,jar,82.0
7396,ken,82.0
15712,tad,82.0
4515,yesterday,82.0
6078,durabl,82.0
4622,conquer,82.0
4956,franci,82.0
16125,bread,82.0
9606,unravel,82.0
1326,friday,82.0
8103,drunk,82.0
6007,stiff,82.0
8631,emperor,82.0
2086,formal,82.0
9604,furthermor,82.0
3996,interior,82.0
17445,exceed,82.0
11339,exil,82.0
4701,condemn,82.0
4065,virgin,81.0
8995,landmark,81.0
4482,truck,81.0
23156,quoton,81.0
6241,gene,81.0
5414,crave,81.0
2626,conscienc,81.0
1945,glow,81.0
15681,mundan,81.0
9008,feast,81.0
2909,ghetto,81.0
3477,speci,81.0
13167,upcom,81.0
3481,gender,81.0
15790,melancholi,81.0
5789,indi,81.0
10946,lightheart,81.0
3880,kim,81.0
14761,propel,81.0
9420,unrealist,81.0
7660,joan,81.0
5164,ambit,81.0
517,earliest,81.0
9744,sturdi,81.0
2326,tail,81.0
2057,boil,81.0
5216,propaganda,81.0
5940,client,81.0
7437,illus,81.0
6275,drown,81.0
4437,nearbi,81.0
468,enforc,81.0
7102,dump,81.0
11314,thesi,81.0
11913,sidekick,81.0
5010,hyster,81.0
3125,bulli,81.0
8613,pc,80.0
8400,moodi,80.0
3745,snoop,80.0
2117,virtu,80.0
3951,aesthet,80.0
11896,disbelief,80.0
19667,vincent,80.0
9253,woodi,80.0
2518,excerpt,80.0
8109,rachel,80.0
17296,highway,80.0
3404,stomach,80.0
4723,ala,80.0
46,awe,80.0
6505,strive,80.0
8246,rat,80.0
5202,salt,80.0
15107,wet,80.0
11430,asia,80.0
17642,underneath,80.0
7367,sibl,80.0
9525,veget,80.0
8002,angst,80.0
232,thinker,80.0
897,ought,80.0
7441,dens,80.0
3872,mill,80.0
20212,newcom,80.0
5950,bluesi,80.0
3867,paranoid,80.0
28049,edgi,80.0
22933,pivot,80.0
22533,awaken,79.0
7274,presum,79.0
2389,chuck,79.0
30366,rampb,79.0
2888,basebal,79.0
1656,hawk,79.0
8470,grind,79.0
16095,widescreen,79.0
5355,arc,79.0
7206,jus,79.0
2551,scatter,79.0
9770,outlaw,79.0
57,dylan,79.0
3988,regim,79.0
7982,glanc,79.0
634,boom,79.0
546,murray,79.0
2854,satan,79.0
3256,cozi,79.0
4204,backward,79.0
4795,deceas,79.0
2892,enlist,79.0
23905,unlock,79.0
4167,superman,79.0
5562,immers,79.0
5373,samuel,79.0
919,undoubt,79.0
13091,goofi,79.0
1805,compon,79.0
8736,dictat,79.0
2214,reprint,79.0
10498,seduc,79.0
8932,franklin,78.0
9772,frontier,78.0
3503,accuraci,78.0
13896,airplan,78.0
1352,crook,78.0
7514,ticket,78.0
4187,carlo,78.0
3239,jessica,78.0
4446,amateur,78.0
9918,doc,78.0
2045,midtempo,78.0
3803,jami,78.0
9528,muslim,78.0
570,ideolog,78.0
5588,wider,78.0
8508,spotlight,78.0
16098,layout,78.0
1458,breakdown,78.0
9787,gabriel,78.0
968,fierc,78.0
3906,request,78.0
6001,occupi,78.0
6853,dazzl,78.0
7963,champion,78.0
6186,neck,78.0
6560,disciplin,78.0
8420,pacif,78.0
10395,assort,77.0
1515,anytim,77.0
8501,harbor,77.0
17063,sinatra,77.0
2598,onscreen,77.0
18572,bat,77.0
1699,bog,77.0
4320,frozen,77.0
18577,pal,77.0
1709,psychic,77.0
9927,sixth,77.0
3162,draft,77.0
4226,lane,77.0
25957,feminin,77.0
12615,stamp,77.0
12911,bside,77.0
53015,NUMmovi,77.0
6938,sleev,77.0
3986,blank,77.0
8114,nose,77.0
6204,chant,77.0
3853,fold,76.0
15547,ol,76.0
4706,fluid,76.0
1793,beaten,76.0
11667,counterpart,76.0
7456,textbook,76.0
10222,analog,76.0
15969,dysfunct,76.0
4285,reel,76.0
18739,maximum,76.0
5039,fri,76.0
9881,hay,76.0
3901,lawrenc,76.0
3868,honey,76.0
7975,incorrect,76.0
10351,renew,76.0
5790,nostalgia,76.0
5099,buzz,76.0
2692,republican,76.0
11840,rocki,76.0
4346,chip,76.0
5185,vanish,76.0
7237,enthusiasm,76.0
15663,deck,76.0
3924,mail,76.0
16471,cohes,76.0
16825,vega,76.0
6916,privileg,76.0
3777,lowrid,76.0
10093,graham,76.0
450,twangi,75.0
4481,mount,75.0
2780,weakest,75.0
6673,predat,75.0
1708,uninterest,75.0
11081,replay,75.0
9007,bewar,75.0
10340,apolog,75.0
7220,gross,75.0
2680,hunger,75.0
16156,worldwid,75.0
1634,miami,75.0
7255,sheriff,75.0
2429,shelv,75.0
1901,dictionari,75.0
13487,cassett,75.0
7170,prolif,75.0
2734,ted,75.0
3730,clicheacut,75.0
14296,bulk,75.0
7702,evalu,75.0
8527,wacki,75.0
2566,doctrin,75.0
633,oldschool,75.0
2549,corps,75.0
11077,kenni,75.0
2244,critiqu,75.0
820,bloom,75.0
5265,culmin,75.0
4860,flee,75.0
8610,preview,74.0
127,fred,74.0
576,creep,74.0
1800,phillip,74.0
2520,qualifi,74.0
2677,patriot,74.0
1519,outdoor,74.0
28690,campi,74.0
6801,fifteen,74.0
11943,subtleti,74.0
5006,nonfict,74.0
5633,manifest,74.0
2844,tomorrow,74.0
8389,compromis,74.0
6950,gas,74.0
5075,pig,74.0
9835,von,74.0
4804,implic,74.0
2452,imperi,74.0
12725,bind,74.0
2777,watchabl,74.0
563,occup,74.0
21569,muscl,74.0
4887,melt,74.0
14904,inabl,74.0
11675,milk,74.0
2807,robinson,74.0
13361,interrupt,74.0
4574,dude,74.0
25131,corni,74.0
21642,jacki,74.0
1965,survey,74.0
4312,nicholson,74.0
7104,nerv,74.0
12587,elus,74.0
11470,riddl,74.0
7021,unfamiliar,74.0
9118,worn,74.0
7572,pagan,74.0
8167,warfar,73.0
11094,suspici,73.0
13015,crank,73.0
21701,portabl,73.0
6067,oppon,73.0
14031,grief,73.0
130,boast,73.0
254,spars,73.0
5503,sublim,73.0
9367,athlet,73.0
4685,inclin,73.0
8069,gambl,73.0
6537,retail,73.0
34740,lowbudget,73.0
14307,gimmick,73.0
1758,priceless,73.0
3314,instinct,73.0
8813,linger,73.0
9798,liberti,73.0
14077,profess,73.0
8186,contest,73.0
8969,combo,73.0
1997,linda,73.0
10375,jefferson,73.0
16827,knife,73.0
5690,erot,73.0
4695,loneli,73.0
11948,evoc,73.0
2989,blunt,73.0
840,architectur,73.0
23265,choir,72.0
32109,galaxi,72.0
3251,ralph,72.0
3333,oxford,72.0
3064,temper,72.0
2827,bittersweet,72.0
16811,majest,72.0
7905,weigh,72.0
9789,peer,72.0
10532,pros,72.0
8785,harrow,72.0
2995,ireland,72.0
6862,lesbian,72.0
26089,quotlov,72.0
8628,burton,72.0
1137,burden,72.0
5250,pun,72.0
10630,incarn,72.0
2562,penni,72.0
7147,lament,72.0
8072,generic,72.0
21084,conductor,72.0
5704,norman,72.0
11506,antic,72.0
5271,coin,72.0
6443,stabl,72.0
1944,faint,72.0
4071,sophomor,72.0
9304,insecur,72.0
12523,perman,72.0
14789,mute,72.0
179,eleven,72.0
7096,climat,72.0
3297,intertwin,71.0
12859,uneven,71.0
19131,oz,71.0
8894,prospect,71.0
7098,craig,71.0
8382,filter,71.0
5111,statist,71.0
9642,impuls,71.0
6254,abund,71.0
163,idol,71.0
8520,apt,71.0
8961,alert,71.0
2202,rag,71.0
3983,provoc,71.0
5124,financ,71.0
3693,eleph,71.0
3832,counti,71.0
6785,math,71.0
7615,disk,71.0
21061,menu,71.0
8949,coher,71.0
3768,dogg,71.0
3763,vinc,71.0
6009,contriv,71.0
9372,NUMpage,71.0
3500,navig,71.0
5686,encompass,70.0
3633,orphan,70.0
23776,sweat,70.0
2273,swept,70.0
7468,colleagu,70.0
3326,ceremoni,70.0
19336,pale,70.0
6830,unpredict,70.0
2733,licens,70.0
11565,distribut,70.0
18827,reed,70.0
9793,someday,70.0
14320,atom,70.0
9603,junk,70.0
7794,petti,70.0
4547,throat,70.0
13255,brad,70.0
8305,rotat,70.0
6709,traffic,70.0
8039,jealous,70.0
28112,billboard,70.0
13113,rocket,70.0
9350,massacr,70.0
6620,orlean,70.0
13283,inferior,70.0
9327,trait,70.0
9501,factual,70.0
4407,rambl,69.0
27238,forgett,69.0
16226,turkey,69.0
8624,lloyd,69.0
15558,hail,69.0
4672,capac,69.0
2644,comeback,69.0
5651,closet,69.0
9842,coverag,69.0
12606,unhappi,69.0
5298,lip,69.0
2651,barbara,69.0
2802,curti,69.0
99223,NUMkbpssubtitl,69.0
9994,laughabl,69.0
3294,interplay,69.0
4212,breed,69.0
3427,clay,69.0
10072,cord,69.0
6459,shelter,69.0
25968,lennon,69.0
4225,dian,69.0
14964,mesh,69.0
4347,cooki,69.0
8062,diminish,69.0
15820,havoc,69.0
8577,retreat,69.0
7834,exit,69.0
1604,scotland,69.0
10526,shower,69.0
7739,renaiss,69.0
7323,abound,69.0
15813,rubber,69.0
10515,tiger,69.0
10866,goddess,69.0
8523,pi,68.0
17581,quotit,68.0
11625,suspicion,68.0
4951,houston,68.0
744,undertak,68.0
19241,delay,68.0
2019,grass,68.0
1941,autobiograph,68.0
4310,futurist,68.0
11672,shortcom,68.0
4415,racist,68.0
8318,rant,68.0
3449,bin,68.0
21170,bop,68.0
8490,alarm,68.0
874,thrust,68.0
4185,glu,68.0
18563,lesli,68.0
16267,signal,68.0
4537,maria,68.0
19926,clone,68.0
14002,reich,68.0
17186,resum,68.0
2678,advoc,68.0
11871,ambient,68.0
5662,margaret,68.0
431,savag,68.0
11754,closeup,68.0
4569,furious,68.0
2462,oppress,68.0
4791,facil,68.0
5677,contend,68.0
18720,contin,68.0
10052,confin,68.0
11968,garner,68.0
12599,meantim,68.0
1025,concret,68.0
2413,propheci,68.0
12619,mentor,68.0
6866,forg,67.0
12708,se,67.0
7854,unfair,67.0
5767,paus,67.0
21383,reunion,67.0
15783,demis,67.0
7178,greec,67.0
15193,dialog,67.0
6336,sheet,67.0
9513,zeppelin,67.0
5816,ant,67.0
3095,readili,67.0
9659,acid,67.0
10550,NUMstar,67.0
5762,pro,67.0
5335,classifi,67.0
8568,beer,67.0
20312,bent,67.0
9954,collag,67.0
6882,nichola,67.0
10448,caution,67.0
3668,emili,67.0
7754,disput,67.0
15343,indulg,67.0
6008,junior,67.0
13494,dreami,67.0
6633,admiss,67.0
5196,stray,67.0
12643,mini,67.0
1357,slept,67.0
3990,jacket,67.0
9131,superstar,67.0
14198,leather,67.0
14035,minimum,67.0
4934,welldon,67.0
7093,august,67.0
5936,sprinkl,67.0
11046,lightn,67.0
4761,flag,67.0
5343,ma,66.0
12617,injuri,66.0
4612,suffici,66.0
10419,envelop,66.0
9075,gori,66.0
6023,justin,66.0
59,nervous,66.0
5559,penetr,66.0
8309,roof,66.0
10769,ruth,66.0
709,ink,66.0
3882,jet,66.0
10094,lou,66.0
5727,mtv,66.0
16415,pad,66.0
376,dissapoint,66.0
22015,amazoncom,66.0
16076,refin,66.0
10307,myriad,66.0
8185,bake,66.0
5629,obnoxi,66.0
9404,clan,66.0
9940,gruesom,66.0
24703,lisa,66.0
11627,loan,66.0
12808,stevi,66.0
4089,lust,66.0
7038,psycho,66.0
11686,hometown,66.0
1255,infus,66.0
5173,muse,66.0
8483,violat,66.0
10651,thang,66.0
8823,insur,66.0
644,rockin,66.0
12008,bleak,66.0
2660,democraci,66.0
7959,embark,66.0
8499,starter,66.0
5788,basement,66.0
5284,du,65.0
11676,titan,65.0
5143,margin,65.0
8086,bathroom,65.0
52772,glam,65.0
13834,aaron,65.0
12921,hart,65.0
12247,slaughter,65.0
2568,reallif,65.0
3834,juvenil,65.0
3055,ruler,65.0
23116,practition,65.0
5086,bee,65.0
10876,alleg,65.0
5366,jade,65.0
8094,nes,65.0
4000,sauc,65.0
8299,anni,65.0
5947,wee,65.0
804,joyc,65.0
1146,downfal,65.0
9187,calcul,65.0
3466,retel,65.0
3525,tame,65.0
99103,kbpssubtitl,65.0
4851,cain,65.0
2465,perpetu,65.0
18585,brazilian,65.0
2082,thompson,65.0
4213,stalk,65.0
2897,entranc,65.0
6032,natali,65.0
99039,NUMbitdolbi,65.0
12905,occult,65.0
25966,mccartney,65.0
4378,hitchcock,65.0
4656,aftermath,65.0
6247,thief,65.0
1317,whip,65.0
16668,countrysid,65.0
10502,er,64.0
1725,flood,64.0
3325,catherin,64.0
9703,swear,64.0
11182,whimsic,64.0
2144,owen,64.0
4646,preacher,64.0
5720,pimp,64.0
8487,sober,64.0
15829,grim,64.0
21220,crude,64.0
3846,novemb,64.0
9077,anonym,64.0
5422,raymond,64.0
3062,sought,64.0
17161,cap,64.0
4299,del,64.0
834,comprehend,64.0
15817,lps,64.0
2943,min,64.0
4800,jake,64.0
4146,jess,64.0
2414,novella,64.0
4590,seed,64.0
2721,stab,64.0
20653,bath,64.0
7796,bedroom,64.0
14614,termin,64.0
4001,blew,64.0
10774,globe,64.0
1319,wreck,64.0
11814,attain,64.0
11861,middleag,64.0
5645,tick,64.0
6631,meaningless,64.0
2324,coat,64.0
168,murphi,64.0
20093,stack,64.0
14230,luci,64.0
3491,hippi,64.0
14235,debt,64.0
4855,mistress,64.0
6415,mega,64.0
7035,incom,64.0
967,sciencefict,64.0
4544,verg,64.0
13161,whisper,64.0
3289,defect,64.0
5774,janet,64.0
6725,manuscript,64.0
1799,pg,63.0
3355,expedit,63.0
2060,somber,63.0
521,righteous,63.0
7052,unrel,63.0
2997,prefac,63.0
6632,begun,63.0
6408,grey,63.0
8705,greg,63.0
9094,ambigu,63.0
13297,puls,63.0
41266,NUMm,63.0
11511,hack,63.0
5984,grain,63.0
13880,backup,63.0
12590,valentin,63.0
15190,luckili,63.0
14424,upsid,63.0
13925,minus,63.0
17988,shore,63.0
14151,prompt,63.0
3921,les,63.0
473,mic,63.0
540,squad,63.0
5752,til,63.0
8084,commend,63.0
5617,assumpt,63.0
7103,brood,63.0
10776,foremost,63.0
5836,lick,63.0
4118,artifact,63.0
13007,noteworthi,63.0
3015,facet,63.0
8883,intimid,63.0
5049,oldfashion,63.0
7674,jacob,63.0
7865,earl,63.0
12269,goodi,63.0
3092,trigger,63.0
9080,screenwrit,63.0
248,threw,63.0
989,painter,63.0
15844,proport,63.0
1045,therapi,63.0
7999,chest,63.0
7027,seventi,62.0
20509,quotmi,62.0
26582,quotdo,62.0
11149,subgenr,62.0
2077,behav,62.0
9433,NUMi,62.0
8792,phenomenon,62.0
324,repair,62.0
1821,harold,62.0
17973,reproduct,62.0
205,hung,62.0
13626,suffic,62.0
17348,ach,62.0
6488,hbo,62.0
6954,nam,62.0
3483,tag,62.0
7720,inexpens,62.0
14484,fullcolor,62.0
4277,stylish,62.0
9727,underst,62.0
5326,horizon,62.0
8366,novic,62.0
6282,diana,62.0
8532,dispos,62.0
88529,recommendedb,62.0
8796,corp,62.0
15345,steam,62.0
12942,concerto,62.0
8364,certifi,62.0
11714,napoleon,62.0
1893,monoton,62.0
12656,satisfact,62.0
4736,eagl,62.0
5672,mislead,62.0
28310,laser,62.0
6886,caption,62.0
9316,spider,61.0
18597,nuditi,61.0
3949,peculiar,61.0
13012,poster,61.0
2972,fluff,61.0
23692,tasti,61.0
2698,runaway,61.0
5581,categor,61.0
13357,dip,61.0
3366,strand,61.0
38651,karat,61.0
6369,thirteen,61.0
3738,toe,61.0
25496,recom,61.0
14980,glossi,61.0
5989,bash,61.0
7953,teddi,61.0
3255,criterion,61.0
12897,bust,61.0
6837,savor,61.0
12349,brick,61.0
1465,disord,61.0
5342,fiddl,61.0
7199,invalu,61.0
13546,drone,61.0
16550,platinum,61.0
15336,demo,61.0
10562,strap,61.0
15613,vain,61.0
9055,rework,61.0
1147,persist,61.0
4068,sloppi,61.0
6767,mindless,61.0
9030,en,60.0
12559,articul,60.0
98897,bytesdisc,60.0
10122,digest,60.0
9746,quotat,60.0
10457,goth,60.0
10302,alphabet,60.0
20790,NUMquot,60.0
14638,foolish,60.0
24881,convolut,60.0
10598,walmart,60.0
5764,undeni,60.0
7337,norwegian,60.0
1561,inconsist,60.0
7212,appendix,60.0
6603,estim,60.0
4551,classroom,60.0
12129,mitchel,60.0
99506,aac,60.0
160,twilight,60.0
7130,anthropolog,60.0
12125,lifelong,60.0
11479,suburban,60.0
5048,cliff,60.0
7162,clint,60.0
4883,exposit,60.0
3674,recit,60.0
10613,perri,60.0
15564,asleep,60.0
8719,aveng,60.0
13146,beef,60.0
5902,antiqu,60.0
34819,bravo,60.0
13752,uNUM,60.0
15973,mickey,60.0
8748,entic,60.0
2226,maze,60.0
8006,breakthrough,60.0
6182,campbel,60.0
19759,facial,60.0
3501,laden,60.0
14752,youngest,60.0
2847,elli,60.0
13014,unleash,60.0
8934,roosevelt,60.0
4680,rainbow,60.0
5642,rental,60.0
2260,nanci,60.0
13201,columbia,60.0
4350,seventh,59.0
15693,ballet,59.0
10389,virus,59.0
2949,pant,59.0
4991,triangl,59.0
9271,austin,59.0
3530,prey,59.0
11882,dwell,59.0
5145,luxuri,59.0
44106,villian,59.0
14096,candl,59.0
1474,schedul,59.0
3511,heritag,59.0
26511,rice,59.0
4400,mansion,59.0
10818,visibl,59.0
4121,implement,59.0
17793,compassion,59.0
9222,clair,59.0
6347,rub,59.0
556,ethnic,59.0
10334,scar,59.0
7579,vet,59.0
1872,lovabl,59.0
5400,norton,59.0
8963,leonard,59.0
7813,sacrif,59.0
2128,brit,59.0
16128,salad,59.0
11169,oblig,59.0
9974,hollow,59.0
4228,primit,59.0
6522,trim,59.0
12538,effici,59.0
9004,column,59.0
3110,pronounc,59.0
8865,cameron,59.0
13781,referenc,59.0
3142,dinosaur,59.0
6158,surgeon,59.0
18380,interspers,59.0
18318,disapoint,59.0
18125,compris,59.0
4941,drunken,59.0
5083,sadist,59.0
10312,emma,59.0
7763,renown,59.0
8653,exclud,59.0
3106,wive,59.0
16662,mileston,59.0
4874,hardest,59.0
10755,recollect,59.0
5484,entireti,59.0
28057,fave,59.0
6110,metaphys,59.0
1954,abrupt,58.0
13508,tropic,58.0
2314,masteri,58.0
13308,pope,58.0
9294,spoof,58.0
9709,sheep,58.0
4580,proclaim,58.0
2444,likewis,58.0
2147,despis,58.0
6174,rogu,58.0
2604,cow,58.0
17480,dud,58.0
3839,fed,58.0
4923,gig,58.0
16824,las,58.0
6076,rug,58.0
22892,quintessenti,58.0
3887,peril,58.0
6406,barn,58.0
10167,stem,58.0
5354,avenu,58.0
12575,bean,58.0
6531,linear,58.0
24189,suppress,58.0
12438,bowi,58.0
22657,buddhist,58.0
8032,knee,58.0
6714,breez,58.0
6706,sixteen,58.0
6054,luther,58.0
1381,heartwarm,58.0
4303,ensur,58.0
7567,diagram,58.0
5635,inept,58.0
9580,behold,58.0
5203,bliss,58.0
6469,michell,58.0
824,odyssey,58.0
5252,blatant,58.0
11782,unpleas,58.0
5386,prelud,57.0
7159,chunk,57.0
14856,clumsi,57.0
496,morri,57.0
3622,popcorn,57.0
5874,permeat,57.0
10942,randi,57.0
8468,afghanistan,57.0
6705,berri,57.0
2215,boogi,57.0
6997,congress,57.0
6509,crusad,57.0
3495,hum,57.0
1650,rude,57.0
591,intact,57.0
12616,reinvent,57.0
14297,lit,57.0
11280,unreleas,57.0
13284,juic,57.0
4770,psychot,57.0
1110,ranger,57.0
3219,kirk,57.0
25545,tina,57.0
13736,extract,57.0
22802,stanc,57.0
7087,michel,57.0
11717,luke,57.0
4746,lure,57.0
10761,deceit,57.0
4906,coach,57.0
3140,genet,57.0
9567,maid,57.0
12004,operat,57.0
7425,courtesi,57.0
10877,blockbust,57.0
4649,conjur,57.0
6703,adrenalin,57.0
11970,imperfect,57.0
2820,rollin,57.0
9331,norm,57.0
10689,mutual,57.0
11223,wore,57.0
5811,selftitl,57.0
5675,palac,56.0
11940,ah,56.0
5047,cliffhang,56.0
4330,georgia,56.0
4744,harvey,56.0
31262,quotif,56.0
12554,cherri,56.0
13684,crimson,56.0
18681,submarin,56.0
8020,pipe,56.0
16894,plod,56.0
3320,imaginari,56.0
15856,pole,56.0
20553,overdon,56.0
9123,feminist,56.0
8257,homi,56.0
2075,tribal,56.0
9140,raid,56.0
4501,rear,56.0
7673,arizona,56.0
7167,dre,56.0
7793,len,56.0
2801,leo,56.0
21251,sparkl,56.0
18884,opt,56.0
2515,andr,56.0
5525,downsid,56.0
1967,zen,56.0
5520,motown,56.0
17521,connelli,56.0
3935,hardship,56.0
2264,exegesi,56.0
8279,stuart,56.0
12425,kudo,56.0
1423,todd,56.0
7858,boredom,56.0
6711,incomplet,56.0
775,hottest,56.0
18630,cope,56.0
14924,drove,56.0
11716,australia,56.0
2034,forbidden,56.0
3715,penguin,56.0
2494,easter,56.0
11175,impos,56.0
24410,deft,56.0
8806,depp,56.0
12785,mick,56.0
9856,duck,56.0
11144,tyler,56.0
16950,digniti,56.0
962,irresist,56.0
22579,eclect,56.0
6818,hardcov,56.0
6902,nicknam,56.0
99218,caspect,56.0
15773,mobil,56.0
3387,fleet,56.0
2866,seldom,56.0
793,charismat,56.0
7829,flop,55.0
4617,marvin,55.0
9905,fu,55.0
2603,incompar,55.0
8857,runner,55.0
8291,outing,55.0
4812,underworld,55.0
9021,overshadow,55.0
7643,plug,55.0
886,lucid,55.0
14670,gestur,55.0
26251,heel,55.0
13642,sunset,55.0
15675,largest,55.0
21832,garag,55.0
10088,cabinet,55.0
3208,sooner,55.0
9923,geograph,55.0
2516,benjamin,55.0
15302,roar,55.0
4869,epitom,55.0
3266,jan,55.0
13207,rabbit,55.0
14785,pbs,55.0
2755,thrive,55.0
17891,potato,55.0
11345,aircraft,55.0
18905,quotthi,55.0
15103,regga,55.0
11021,wrestl,55.0
2675,eloqu,55.0
276,oldest,55.0
98895,bdNUMrun,55.0
6355,holder,55.0
14543,carv,55.0
1826,walker,55.0
3502,slaveri,55.0
2703,loop,55.0
2569,lore,55.0
8902,meander,55.0
2496,robberi,55.0
1054,subdu,55.0
11869,incident,55.0
6218,nicol,55.0
11815,domain,55.0
10225,whim,55.0
11420,fist,55.0
7229,inject,54.0
15692,circus,54.0
5877,raini,54.0
12592,patho,54.0
5839,miniatur,54.0
6093,palm,54.0
13564,reproduc,54.0
7605,breezi,54.0
16611,yearn,54.0
5161,civilian,54.0
9860,poke,54.0
8081,gripe,54.0
4899,homeless,54.0
7032,indiffer,54.0
14180,fewer,54.0
16089,hymn,54.0
13134,hello,54.0
5949,district,54.0
14494,scroll,54.0
5224,resent,54.0
8407,duplic,54.0
12740,mel,54.0
7469,net,54.0
8061,imprison,54.0
10004,wax,54.0
3094,outtak,54.0
3573,avantgard,54.0
19409,accustom,54.0
3516,extern,54.0
9477,repli,54.0
3528,scottish,54.0
555,necess,54.0
6162,bout,54.0
17679,brass,54.0
4436,ceas,54.0
7697,artifici,54.0
6453,jealousi,54.0
18324,quintet,54.0
7620,cube,54.0
8427,lodg,54.0
8752,curv,54.0
8396,farther,54.0
3772,winston,54.0
6092,sunshin,54.0
13669,recogniz,54.0
9934,induc,54.0
5586,council,54.0
5253,mock,54.0
6039,googl,54.0
9504,watt,54.0
7400,crossov,54.0
13205,bunni,54.0
1986,cheek,54.0
3916,uniti,53.0
6601,breathless,53.0
5491,armor,53.0
15082,freddi,53.0
5262,pine,53.0
16146,repris,53.0
4438,outlook,53.0
4819,grandma,53.0
4007,rehash,53.0
9811,colonel,53.0
13520,growl,53.0
3692,spoke,53.0
3254,pageturn,53.0
8135,lavish,53.0
5066,cosmic,53.0
12543,clearer,53.0
4096,stalin,53.0
5291,foe,53.0
7249,alley,53.0
11549,prolong,53.0
2960,whine,53.0
19770,skim,53.0
25069,archetyp,53.0
8209,volunt,53.0
5287,enigmat,53.0
1277,bull,53.0
4570,drain,53.0
14844,tube,53.0
10040,unsettl,53.0
6324,passeng,53.0
19583,cello,53.0
4470,stain,53.0
9841,disjoint,53.0
16194,desk,53.0
1908,outta,53.0
3760,timothi,53.0
13558,supplier,53.0
8446,nemesi,53.0
11936,mathemat,53.0
5965,gypsi,52.0
8687,protein,52.0
9564,barrier,52.0
226,geek,52.0
4006,yarn,52.0
6307,twentieth,52.0
4627,decay,52.0
10825,spectrum,52.0
19034,undermin,52.0
3248,kubrick,52.0
16262,monitor,52.0
1425,spawn,52.0
7638,ferri,52.0
10982,boost,52.0
5960,velvet,52.0
6800,powerhous,52.0
16206,isaac,52.0
11466,outright,52.0
15802,dot,52.0
12558,ministri,52.0
4718,cruelti,52.0
2968,jaw,52.0
10726,nas,52.0
10130,intuit,52.0
1196,josh,52.0
6880,throne,52.0
23488,bach,52.0
18127,babe,52.0
16959,maneuv,52.0
19901,sway,52.0
5172,colour,52.0
12219,testimoni,52.0
4725,comedian,52.0
6053,dicken,52.0
4393,hostag,52.0
7507,lamb,52.0
17595,detach,52.0
4391,butler,52.0
2338,baron,52.0
8100,luca,52.0
7755,usag,52.0
3318,deed,52.0
3098,stole,52.0
7322,mack,52.0
1811,psychologist,52.0
2637,scent,52.0
2348,hoffman,52.0
20860,warrant,52.0
15201,vignett,52.0
13184,overr,52.0
12138,humili,52.0
4002,devoid,52.0
16379,ingeni,52.0
11722,flew,52.0
23498,soloist,51.0
13903,deepest,51.0
10327,panic,51.0
16473,bw,51.0
10810,incompet,51.0
10647,tripl,51.0
10394,miracul,51.0
6260,psychiatrist,51.0
16067,prevail,51.0
7967,introductori,51.0
9750,verifi,51.0
1884,uncut,51.0
12057,ancestor,51.0
6383,chemic,51.0
5014,penn,51.0
16468,editori,51.0
4535,yell,51.0
3563,circa,51.0
5117,irrelev,51.0
8245,paradox,51.0
10797,undercov,51.0
11050,curtain,51.0
18513,puppet,51.0
18188,fever,51.0
10625,miseri,51.0
13797,sherlock,51.0
13257,dolli,51.0
8962,donna,51.0
4386,prodigi,51.0
17068,ash,51.0
3688,ether,51.0
6289,jerk,51.0
13155,novelti,51.0
10895,sara,51.0
5532,vow,51.0
8095,sega,51.0
2379,vessel,51.0
4295,spacey,51.0
8602,estrang,51.0
7463,glenn,51.0
9100,holland,51.0
11152,freeman,51.0
16736,wellth,51.0
1162,tome,51.0
12160,butter,51.0
1167,feather,51.0
13139,recept,51.0
2902,lynch,51.0
22427,willing,51.0
8235,lili,51.0
1035,steer,51.0
1904,frost,51.0
22133,veil,51.0
99035,freeaspect,51.0
24033,ninja,51.0
10558,wage,51.0
206,wannab,51.0
8546,nude,51.0
10543,sarcast,51.0
28,descent,51.0
2432,naval,51.0
2022,lieuten,50.0
4901,bo,50.0
26630,snack,50.0
5970,swift,50.0
7438,phantom,50.0
19868,lullabi,50.0
8786,philadelphia,50.0
16773,grammar,50.0
15298,verbal,50.0
6732,heap,50.0
10886,abbey,50.0
14578,spear,50.0
6842,charect,50.0
4361,kenneth,50.0
10285,rope,50.0
10125,ross,50.0
5825,darkest,50.0
4104,align,50.0
15150,han,50.0
15008,mir,50.0
10936,akin,50.0
2713,rep,50.0
11640,environment,50.0
12926,goosebump,50.0
8656,inexplic,50.0
6104,gregori,50.0
7772,ellen,50.0
17195,missionari,50.0
11351,allianc,50.0
4399,tunnel,50.0
19630,simplifi,50.0
16315,flexibl,50.0
13742,crop,50.0
4929,whatsoev,50.0
10179,stomp,50.0
6869,mann,50.0
12546,stunt,50.0
23042,doug,50.0
4408,persuad,50.0
7570,persuas,50.0
362,injur,50.0
15593,paranoia,50.0
9015,discern,50.0
5419,homicid,50.0
2435,devour,50.0
13930,wail,50.0
6180,blake,50.0
20966,caribbean,50.0
8693,hybrid,50.0
